route_id,case_id,frame_index,time,iteration,maxlevel,delta_min,vertex_count,facet_count,xmin,xmax,ymin,ymax,zmin,zmax,downstream_clearance,upstream_clearance,y_min_clearance,y_max_clearance,z_min_clearance,z_max_clearance,active_front,active_front_over_L0,interface_proxy,credible_component_count,detached_proxy_count,vertex_frac_within_2_delta_min_x_min,facet_frac_within_2_delta_min_x_min,vertex_frac_within_2_delta_min_x_max,facet_frac_within_2_delta_min_x_max,vertex_frac_within_2_delta_min_y_min,facet_frac_within_2_delta_min_y_min,vertex_frac_within_2_delta_min_y_max,facet_frac_within_2_delta_min_y_max,vertex_frac_within_2_delta_min_z_min,facet_frac_within_2_delta_min_z_min,vertex_frac_within_2_delta_min_z_max,facet_frac_within_2_delta_min_z_max,vertex_frac_within_4_delta_min_x_min,facet_frac_within_4_delta_min_x_min,vertex_frac_within_4_delta_min_x_max,facet_frac_within_4_delta_min_x_max,vertex_frac_within_4_delta_min_y_min,facet_frac_within_4_delta_min_y_min,vertex_frac_within_4_delta_min_y_max,facet_frac_within_4_delta_min_y_max,vertex_frac_within_4_delta_min_z_min,facet_frac_within_4_delta_min_z_min,vertex_frac_within_4_delta_min_z_max,facet_frac_within_4_delta_min_z_max,vertex_frac_within_0p05_domain_length_x_min,facet_frac_within_0p05_domain_length_x_min,vertex_frac_within_0p05_domain_length_x_max,facet_frac_within_0p05_domain_length_x_max,vertex_frac_within_0p05_domain_length_y_min,facet_frac_within_0p05_domain_length_y_min,vertex_frac_within_0p05_domain_length_y_max,facet_frac_within_0p05_domain_length_y_max,vertex_frac_within_0p05_domain_length_z_min,facet_frac_within_0p05_domain_length_z_min,vertex_frac_within_0p05_domain_length_z_max,facet_frac_within_0p05_domain_length_z_max,meaningful_downstream_or_lateral_boundary_contact,contact_boundaries,hero_complexity_score
official_round_control,C0_long_official_round_control,0,0.0,0,8,0.01171875,544,132,0.0,0.0234375,-0.0846676,0.0846676,-0.0846676,0.0846676,2.9765625,0.0,1.4153324,1.4153324,1.4153324,1.4153324,0.005859375,0.005859375,0.0018310546875,1,0,1.0,1.0,0.0,0.0,0.0,0.0,0.0,0.0,0.0,0.0,0.0,0.0,1.0,1.0,0.0,0.0,0.0,0.0,0.0,0.0,0.0,0.0,0.0,0.0,1.0,1.0,0.0,0.0,0.0,0.0,0.0,0.0,0.0,0.0,0.0,0.0,False,,0.0039630546875
official_round_control,C0_long_official_round_control,1,0.02,10,8,0.01171875,1740,432,0.0,0.0445908,-0.0888367,0.088835,-0.0884597,0.0884582,2.9554092,0.0,1.4111633,1.411165,1.4115403,1.4115418,0.013671875,0.013671875,0.0059814453125,1,0,0.4367816091954023,0.5,0.0,0.0,0.0,0.0,0.0,0.0,0.0,0.0,0.0,0.0,1.0,1.0,0.0,0.0,0.0,0.0,0.0,0.0,0.0,0.0,0.0,0.0,1.0,1.0,0.0,0.0,0.0,0.0,0.0,0.0,0.0,0.0,0.0,0.0,False,,0.0084134453125
official_round_control,C0_long_official_round_control,2,0.04,16,8,0.01171875,2477,624,0.0,0.0609397,-0.0924641,0.0924597,-0.0917489,0.0917454,2.9390603,0.0,1.4075359,1.4075403,1.4082511,1.4082546,0.021484375,0.021484375,0.0081787109375,1,0,0.31207105369398463,0.3782051282051282,0.0,0.0,0.0,0.0,0.0,0.0,0.0,0.0,0.0,0.0,0.5607589826402907,0.6089743589743589,0.0,0.0,0.0,0.0,0.0,0.0,0.0,0.0,0.0,0.0,1.0,1.0,0.0,0.0,0.0,0.0,0.0,0.0,0.0,0.0,0.0,0.0,False,,0.0108027109375
official_round_control,C0_long_official_round_control,3,0.06,21,8,0.01171875,2858,710,0.0,0.079119,-0.095744,0.09573,-0.094888,0.0948887,2.920881,0.0,1.404256,1.40427,1.405112,1.4051113,0.025390625,0.025390625,0.0101928710938,1,0,0.21833449965010496,0.2591549295774648,0.0,0.0,0.0,0.0,0.0,0.0,0.0,0.0,0.0,0.0,0.5223932820153954,0.5802816901408451,0.0,0.0,0.0,0.0,0.0,0.0,0.0,0.0,0.0,0.0,1.0,1.0,0.0,0.0,0.0,0.0,0.0,0.0,0.0,0.0,0.0,0.0,False,,0.0129028710938
official_round_control,C0_long_official_round_control,4,0.08,26,8,0.01171875,3520,876,0.0,0.0967879,-0.099542,0.0995213,-0.0982042,0.0981798,2.9032121,0.0,1.400458,1.4004787,1.4017958,1.4018202,0.033203125,0.033203125,0.0120849609375,1,0,0.15795454545454546,0.1917808219178082,0.0,0.0,0.0,0.0,0.0,0.0,0.0,0.0,0.0,0.0,0.34545454545454546,0.3926940639269406,0.0,0.0,0.0,0.0,0.0,0.0,0.0,0.0,0.0,0.0,1.0,1.0,0.0,0.0,0.0,0.0,0.0,0.0,0.0,0.0,0.0,0.0,False,,0.0149609609375
official_round_control,C0_long_official_round_control,5,0.1,31,8,0.01171875,4106,1028,0.0,0.113999,-0.103277,0.103266,-0.100813,0.100785,2.886001,0.0,1.396723,1.396734,1.399187,1.399215,0.037109375,0.037109375,0.0140991210938,1,0,0.14637116415002435,0.17120622568093385,0.0,0.0,0.0,0.0,0.0,0.0,0.0,0.0,0.0,0.0,0.2681441792498782,0.2918287937743191,0.0,0.0,0.0,0.0,0.0,0.0,0.0,0.0,0.0,0.0,1.0,1.0,0.0,0.0,0.0,0.0,0.0,0.0,0.0,0.0,0.0,0.0,False,,0.0171271210938
official_round_control,C0_long_official_round_control,6,0.12,35,8,0.01171875,4683,1182,0.0,0.131368,-0.105937,0.105933,-0.104172,0.104132,2.868632,0.0,1.394063,1.394067,1.395828,1.395868,0.044921875,0.044921875,0.0160980224609,1,0,0.11787315823190263,0.13874788494077833,0.0,0.0,0.0,0.0,0.0,0.0,0.0,0.0,0.0,0.0,0.22378816997651077,0.24873096446700507,0.0,0.0,0.0,0.0,0.0,0.0,0.0,0.0,0.0,0.0,1.0,1.0,0.0,0.0,0.0,0.0,0.0,0.0,0.0,0.0,0.0,0.0,False,,0.019280022460899996
official_round_control,C0_long_official_round_control,7,0.14,40,8,0.01171875,5679,1448,0.0,0.148488,-0.106333,0.10631,-0.106076,0.106051,2.851512,0.0,1.393667,1.39369,1.393924,1.393949,0.048828125,0.048828125,0.0194091796875,1,0,0.11692199330868111,0.13535911602209943,0.0,0.0,0.0,0.0,0.0,0.0,0.0,0.0,0.0,0.0,0.2141222046134883,0.2265193370165746,0.0,0.0,0.0,0.0,0.0,0.0,0.0,0.0,0.0,0.0,1.0,1.0,0.0,0.0,0.0,0.0,0.0,0.0,0.0,0.0,0.0,0.0,False,,0.022857179687500003
official_round_control,C0_long_official_round_control,8,0.16,46,8,0.01171875,6556,1657,0.0,0.165601,-0.107335,0.107318,-0.106506,0.106465,2.834399,0.0,1.392665,1.392682,1.393494,1.393535,0.056640625,0.056640625,0.022705078125,1,0,0.10097620500305064,0.11828605914302957,0.0,0.0,0.0,0.0,0.0,0.0,0.0,0.0,0.0,0.0,0.19585112873703478,0.2148461074230537,0.0,0.0,0.0,0.0,0.0,0.0,0.0,0.0,0.0,0.0,0.7934716290420989,0.8105009052504526,0.0,0.0,0.0,0.0,0.0,0.0,0.0,0.0,0.0,0.0,False,,0.026362078125
official_round_control,C0_long_official_round_control,9,0.18,52,8,0.01171875,7474,1875,0.0,0.182472,-0.10875,0.108756,-0.107304,0.107287,2.817528,0.0,1.39125,1.391244,1.392696,1.392713,0.060546875,0.060546875,0.0255279541016,1,0,0.07385603425207386,0.08746666666666666,0.0,0.0,0.0,0.0,0.0,0.0,0.0,0.0,0.0,0.0,0.1535991436981536,0.17066666666666666,0.0,0.0,0.0,0.0,0.0,0.0,0.0,0.0,0.0,0.0,0.6764784586566764,0.7013333333333334,0.0,0.0,0.0,0.0,0.0,0.0,0.0,0.0,0.0,0.0,False,,0.0294029541016
official_round_control,C0_long_official_round_control,10,0.2,58,8,0.01171875,7770,1941,0.0,0.19943,-0.110757,0.110731,-0.109116,0.109091,2.80057,0.0,1.389243,1.389269,1.390884,1.390909,0.068359375,0.068359375,0.0282897949219,1,0,0.08133848133848134,0.09685729005667182,0.0,0.0,0.0,0.0,0.0,0.0,0.0,0.0,0.0,0.0,0.14414414414414414,0.160741885625966,0.0,0.0,0.0,0.0,0.0,0.0,0.0,0.0,0.0,0.0,0.5180180180180181,0.5615662029881504,0.0,0.0,0.0,0.0,0.0,0.0,0.0,0.0,0.0,0.0,False,,0.0322307949219
official_round_control,C0_long_official_round_control,11,0.22,65,8,0.01171875,8735,2186,0.0,0.216419,-0.114261,0.114108,-0.113052,0.113049,2.783581,0.0,1.385739,1.385892,1.386948,1.386951,0.07421875,0.07421875,0.0318756103516,1,0,0.06868918145392101,0.08234217749313816,0.0,0.0,0.0,0.0,0.0,0.0,0.0,0.0,0.0,0.0,0.12318259874069834,0.1354071363220494,0.0,0.0,0.0,0.0,0.0,0.0,0.0,0.0,0.0,0.0,0.3822552947910704,0.40164684354986274,0.0,0.0,0.0,0.0,0.0,0.0,0.0,0.0,0.0,0.0,False,,0.0360616103516
official_round_control,C0_long_official_round_control,12,0.24,72,8,0.01171875,9672,2408,0.0,0.233305,-0.119142,0.119083,-0.116403,0.116338,2.766695,0.0,1.380858,1.380917,1.383597,1.383662,0.076171875,0.076171875,0.0342864990234,1,0,0.062034739454094295,0.07475083056478406,0.0,0.0,0.0,0.0,0.0,0.0,0.0,0.0,0.0,0.0,0.12489660876757651,0.1378737541528239,0.0,0.0,0.0,0.0,0.0,0.0,0.0,0.0,0.0,0.0,0.3500827129859388,0.3675249169435216,0.0,0.0,0.0,0.0,0.0,0.0,0.0,0.0,0.0,0.0,False,,0.038694499023400004
official_round_control,C0_long_official_round_control,13,0.26,79,8,0.01171875,11010,2707,0.0,0.250021,-0.125074,0.12498,-0.121388,0.121328,2.749979,0.0,1.374926,1.37502,1.378612,1.378672,0.083984375,0.083984375,0.0377807617188,1,0,0.0555858310626703,0.069449575175471,0.0,0.0,0.0,0.0,0.0,0.0,0.0,0.0,0.0,0.0,0.11044504995458673,0.12560029553010713,0.0,0.0,0.0,0.0,0.0,0.0,0.0,0.0,0.0,0.0,0.31108083560399635,0.3228666420391577,0.0,0.0,0.0,0.0,0.0,0.0,0.0,0.0,0.0,0.0,False,,0.042487761718800005
official_round_control,C0_long_official_round_control,14,0.28,86,8,0.01171875,11539,2858,0.0,0.267491,-0.131867,0.131905,-0.128785,0.128611,2.732509,0.0,1.368133,1.368095,1.371215,1.371389,0.08984375,0.08984375,0.0406951904297,1,0,0.04575786463298379,0.05598320503848846,0.0,0.0,0.0,0.0,0.0,0.0,0.0,0.0,0.0,0.0,0.09394228269347431,0.10636808957312806,0.0,0.0,0.0,0.0,0.0,0.0,0.0,0.0,0.0,0.0,0.29517289193170987,0.3079076277116865,0.0,0.0,0.0,0.0,0.0,0.0,0.0,0.0,0.0,0.0,False,,0.0455531904297
official_round_control,C0_long_official_round_control,15,0.3,93,8,0.01171875,12601,3096,0.0,0.286457,-0.140625,0.140625,-0.137452,0.137333,2.713543,0.0,1.359375,1.359375,1.362548,1.362667,0.09765625,0.09765625,0.0433502197266,1,0,0.04888500912625982,0.060723514211886306,0.0,0.0,0.0,0.0,0.0,0.0,0.0,0.0,0.0,0.0,0.08888183477501786,0.10335917312661498,0.0,0.0,0.0,0.0,0.0,0.0,0.0,0.0,0.0,0.0,0.27656535195619397,0.29037467700258396,0.0,0.0,0.0,0.0,0.0,0.0,0.0,0.0,0.0,0.0,False,,0.0484462197266
official_round_control,C0_long_official_round_control,16,0.32,100,8,0.01171875,13480,3371,0.0,0.304089,-0.148953,0.14914,-0.146988,0.147023,2.695911,0.0,1.3510469999999999,1.35086,1.353012,1.352977,0.099609375,0.099609375,0.0467681884766,1,0,0.04451038575667656,0.05339661821417977,0.0,0.0,0.0,0.0,0.0,0.0,0.0,0.0,0.0,0.0,0.08130563798219585,0.0907742509641056,0.0,0.0,0.0,0.0,0.0,0.0,0.0,0.0,0.0,0.0,0.2527448071216617,0.2646099080391575,0.0,0.0,0.0,0.0,0.0,0.0,0.0,0.0,0.0,0.0,False,,0.0521391884766
official_round_control,C0_long_official_round_control,17,0.34,107,8,0.01171875,14440,3597,0.0,0.320966,-0.155499,0.155582,-0.153978,0.153992,2.679034,0.0,1.344501,1.3444180000000001,1.346022,1.346008,0.107421875,0.107421875,0.0502471923828,1,0,0.04155124653739612,0.05004170141784821,0.0,0.0,0.0,0.0,0.0,0.0,0.0,0.0,0.0,0.0,0.08254847645429363,0.0922991381706978,0.0,0.0,0.0,0.0,0.0,0.0,0.0,0.0,0.0,0.0,0.24182825484764542,0.25020850708924103,0.0,0.0,0.0,0.0,0.0,0.0,0.0,0.0,0.0,0.0,False,,0.05584419238280001
official_round_control,C0_long_official_round_control,18,0.36,114,8,0.01171875,15549,3898,0.0,0.339844,-0.159957,0.160063,-0.161774,0.161619,2.660156,0.0,1.340043,1.339937,1.338226,1.338381,0.11328125,0.11328125,0.0540161132812,1,0,0.03935944433725642,0.04822986146741919,0.0,0.0,0.0,0.0,0.0,0.0,0.0,0.0,0.0,0.0,0.07794713486397839,0.08722421754746024,0.0,0.0,0.0,0.0,0.0,0.0,0.0,0.0,0.0,0.0,0.22593092803395717,0.232683427398666,0.0,0.0,0.0,0.0,0.0,0.0,0.0,0.0,0.0,0.0,False,,0.0599141132812
official_round_control,C0_long_official_round_control,19,0.38,121,8,0.01171875,17270,4335,0.0,0.358203,-0.163126,0.164401,-0.164285,0.164303,2.641797,0.0,1.336874,1.335599,1.335715,1.335697,0.119140625,0.119140625,0.0591125488281,1,0,0.030515344528083382,0.03690888119953864,0.0,0.0,0.0,0.0,0.0,0.0,0.0,0.0,0.0,0.0,0.061088592935726695,0.06828143021914648,0.0,0.0,0.0,0.0,0.0,0.0,0.0,0.0,0.0,0.0,0.1977417486971627,0.20207612456747404,0.0,0.0,0.0,0.0,0.0,0.0,0.0,0.0,0.0,0.0,False,,0.0654475488281
official_round_control,C0_long_official_round_control,20,0.4,128,8,0.01171875,18606,4641,0.0,0.377025,-0.166966,0.167581,-0.167921,0.168215,2.622975,0.0,1.333034,1.332419,1.332079,1.331785,0.123046875,0.123046875,0.0629577636719,1,0,0.03289261528539181,0.039646627881922,0.0,0.0,0.0,0.0,0.0,0.0,0.0,0.0,0.0,0.0,0.05976566698914329,0.0680887739711269,0.0,0.0,0.0,0.0,0.0,0.0,0.0,0.0,0.0,0.0,0.18838009244329787,0.19564748976513682,0.0,0.0,0.0,0.0,0.0,0.0,0.0,0.0,0.0,0.0,False,,0.0695987636719
official_round_control,C0_long_official_round_control,21,0.42,135,8,0.01171875,20041,5042,0.0,0.395784,-0.173942,0.175011,-0.177068,0.177436,2.604216,0.0,1.326058,1.324989,1.322932,1.322564,0.130859375,0.130859375,0.0682220458984,1,0,0.029938625817074998,0.03570011900039667,0.0,0.0,0.0,0.0,0.0,0.0,0.0,0.0,0.0,0.0,0.05488748066463749,0.061086870289567635,0.0,0.0,0.0,0.0,0.0,0.0,0.0,0.0,0.0,0.0,0.17124893967366897,0.17770725902419673,0.0,0.0,0.0,0.0,0.0,0.0,0.0,0.0,0.0,0.0,False,,0.07526404589840001
official_round_control,C0_long_official_round_control,22,0.44,142,8,0.01171875,21534,5422,0.0,0.411912,-0.17853,0.17923,-0.184805,0.185517,2.588088,0.0,1.32147,1.32077,1.3151950000000001,1.314483,0.138671875,0.138671875,0.0739288330078,1,0,0.027862914460852605,0.033198081888601995,0.0,0.0,0.0,0.0,0.0,0.0,0.0,0.0,0.0,0.0,0.05535432339556051,0.061232017705643675,0.0,0.0,0.0,0.0,0.0,0.0,0.0,0.0,0.0,0.0,0.1612798365375685,0.1652526742899299,0.0,0.0,0.0,0.0,0.0,0.0,0.0,0.0,0.0,0.0,False,,0.0813508330078
official_round_control,C0_long_official_round_control,23,0.46,149,8,0.01171875,23320,5867,0.0,0.426372,-0.189537,0.188937,-0.19075,0.191121,2.5736280000000002,0.0,1.310463,1.311063,1.30925,1.308879,0.14453125,0.14453125,0.0807495117188,1,0,0.026243567753001715,0.032043633884438386,0.0,0.0,0.0,0.0,0.0,0.0,0.0,0.0,0.0,0.0,0.05197255574614065,0.05795125276972899,0.0,0.0,0.0,0.0,0.0,0.0,0.0,0.0,0.0,0.0,0.15381646655231562,0.1578319413669678,0.0,0.0,0.0,0.0,0.0,0.0,0.0,0.0,0.0,0.0,False,,0.0886165117188
official_round_control,C0_long_official_round_control,24,0.48,156,8,0.01171875,24942,6293,0.0,0.442047,-0.203941,0.200258,-0.196587,0.197058,2.557953,0.0,1.296059,1.299742,1.303413,1.302942,0.146484375,0.146484375,0.0859527587891,2,1,0.021529949482800095,0.025901795645955825,0.0,0.0,0.0,0.0,0.0,0.0,0.0,0.0,0.0,0.0,0.042378317697057175,0.04687748291752741,0.0,0.0,0.0,0.0,0.0,0.0,0.0,0.0,0.0,0.0,0.1380001603720632,0.1409502621960909,0.0,0.0,0.0,0.0,0.0,0.0,0.0,0.0,0.0,0.0,False,,0.0962457587891
official_round_control,C0_long_official_round_control,25,0.5,163,8,0.01171875,27115,6846,0.0,0.457878,-0.210938,0.209325,-0.202121,0.202231,2.542122,0.0,1.289062,1.290675,1.297879,1.297769,0.154296875,0.154296875,0.0924377441406,5,4,0.022718052738336714,0.027461291264972248,0.0,0.0,0.0,0.0,0.0,0.0,0.0,0.0,0.0,0.0,0.04130555043333948,0.04674262342974,0.0,0.0,0.0,0.0,0.0,0.0,0.0,0.0,0.0,0.0,0.12996496404204316,0.13380075956763074,0.0,0.0,0.0,0.0,0.0,0.0,0.0,0.0,0.0,0.0,False,,0.1092837441406
official_round_control,C0_long_official_round_control,26,0.52,178,8,0.01171875,28530,7281,0.0,0.474541,-0.215675,0.215032,-0.210938,0.210938,2.525459,0.0,1.284325,1.284968,1.289062,1.289062,0.16015625,0.16015625,0.0968017578125,5,4,0.02103049421661409,0.024721878862793572,0.0,0.0,0.0,0.0,0.0,0.0,0.0,0.0,0.0,0.0,0.03827549947423765,0.042027194066749075,0.0,0.0,0.0,0.0,0.0,0.0,0.0,0.0,0.0,0.0,0.1205397826848931,0.12306001922812801,0.0,0.0,0.0,0.0,0.0,0.0,0.0,0.0,0.0,0.0,False,,0.11408275781249999
official_round_control,C0_long_official_round_control,27,0.54,187,8,0.01171875,29940,7613,0.0,0.49108,-0.22304,0.222656,-0.222435,0.222634,2.50892,0.0,1.27696,1.277344,1.277565,1.277366,0.162109375,0.162109375,0.101791381836,5,4,0.020808283233132933,0.024300538552476027,0.0,0.0,0.0,0.0,0.0,0.0,0.0,0.0,0.0,0.0,0.04111556446225785,0.044266386444240115,0.0,0.0,0.0,0.0,0.0,0.0,0.0,0.0,0.0,0.0,0.1188376753507014,0.1204518586628136,0.0,0.0,0.0,0.0,0.0,0.0,0.0,0.0,0.0,0.0,False,,0.119404381836
official_round_control,C0_long_official_round_control,28,0.56,195,8,0.01171875,31693,8075,0.0,0.50537,-0.228748,0.228279,-0.230045,0.229922,2.49463,0.0,1.271252,1.2717209999999999,1.269955,1.270078,0.169921875,0.169921875,0.109237670898,6,5,0.0195626794560313,0.022786377708978327,0.0,0.0,0.0,0.0,0.0,0.0,0.0,0.0,0.0,0.0,0.03811567223046099,0.041609907120743035,0.0,0.0,0.0,0.0,0.0,0.0,0.0,0.0,0.0,0.0,0.11340043542738144,0.11492260061919504,0.0,0.0,0.0,0.0,0.0,0.0,0.0,0.0,0.0,0.0,False,,0.129312670898
official_round_control,C0_long_official_round_control,29,0.58,203,8,0.01171875,32142,8204,0.0,0.521569,-0.235851,0.235806,-0.2385,0.238418,2.478431,0.0,1.264149,1.264194,1.2615,1.261582,0.17578125,0.17578125,0.110366821289,7,6,0.01642710472279261,0.019502681618722574,0.0,0.0,0.0,0.0,0.0,0.0,0.0,0.0,0.0,0.0,0.032356418393379376,0.035592393954168695,0.0,0.0,0.0,0.0,0.0,0.0,0.0,0.0,0.0,0.0,0.10500280007466865,0.10775231594344223,0.0,0.0,0.0,0.0,0.0,0.0,0.0,0.0,0.0,0.0,False,,0.132570821289
official_round_control,C0_long_official_round_control,30,0.6,210,8,0.01171875,34084,8719,0.0,0.539062,-0.240125,0.239333,-0.244852,0.246335,2.460938,0.0,1.259875,1.260667,1.255148,1.253665,0.177734375,0.177734375,0.11750793457,9,8,0.018072996127215114,0.021562105746071796,0.0,0.0,0.0,0.0,0.0,0.0,0.0,0.0,0.0,0.0,0.03212651097289051,0.035439844018809494,0.0,0.0,0.0,0.0,0.0,0.0,0.0,0.0,0.0,0.0,0.09831592536087314,0.10012616125702489,0.0,0.0,0.0,0.0,0.0,0.0,0.0,0.0,0.0,0.0,False,,0.14422693457
official_round_control,C0_long_official_round_control,31,0.62,217,8,0.01171875,35183,9017,0.0,0.553297,-0.245416,0.245263,-0.249385,0.251253,2.446703,0.0,1.254584,1.254737,1.250615,1.248747,0.185546875,0.185546875,0.120727539062,10,9,0.017053690702896286,0.019962293445713652,0.0,0.0,0.0,0.0,0.0,0.0,0.0,0.0,0.0,0.0,0.030980871443594918,0.033603193966951314,0.0,0.0,0.0,0.0,0.0,0.0,0.0,0.0,0.0,0.0,0.09558593638973367,0.09714982810247311,0.0,0.0,0.0,0.0,0.0,0.0,0.0,0.0,0.0,0.0,False,,0.149744539062
official_round_control,C0_long_official_round_control,32,0.64,224,8,0.01171875,36147,9279,0.0,0.569199,-0.253311,0.254136,-0.254634,0.258104,2.4308009999999998,0.0,1.246689,1.245864,1.245366,1.241896,0.19140625,0.19140625,0.12580871582,10,9,0.016598887874512407,0.019398642095053348,0.0,0.0,0.0,0.0,0.0,0.0,0.0,0.0,0.0,0.0,0.03297645724403132,0.035779717641987285,0.0,0.0,0.0,0.0,0.0,0.0,0.0,0.0,0.0,0.0,0.09621822004592359,0.09699321047526673,0.0,0.0,0.0,0.0,0.0,0.0,0.0,0.0,0.0,0.0,False,,0.15508771582
official_round_control,C0_long_official_round_control,33,0.66,231,8,0.01171875,37881,9742,0.0,0.58875,-0.262167,0.263231,-0.259303,0.262116,2.41125,0.0,1.237833,1.236769,1.240697,1.237884,0.19921875,0.19921875,0.130081176758,13,12,0.01626145033130065,0.019297885444467255,0.0,0.0,0.0,0.0,0.0,0.0,0.0,0.0,0.0,0.0,0.03210052532932077,0.0349004311229727,0.0,0.0,0.0,0.0,0.0,0.0,0.0,0.0,0.0,0.0,0.09342414402998865,0.09330732909053582,0.0,0.0,0.0,0.0,0.0,0.0,0.0,0.0,0.0,0.0,False,,0.16582317675799998
official_round_control,C0_long_official_round_control,34,0.68,238,8,0.01171875,38702,10002,0.0,0.599502,-0.271641,0.272631,-0.261877,0.268727,2.400498,0.0,1.228359,1.227369,1.2381229999999999,1.231273,0.201171875,0.201171875,0.134429931641,12,11,0.013952767298847604,0.016396720655868825,0.0,0.0,0.0,0.0,0.0,0.0,0.0,0.0,0.0,0.0,0.02746628081236112,0.02959408118376325,0.0,0.0,0.0,0.0,0.0,0.0,0.0,0.0,0.0,0.0,0.08769572631905329,0.08718256348730254,0.0,0.0,0.0,0.0,0.0,0.0,0.0,0.0,0.0,0.0,False,,0.168431931641
official_round_control,C0_long_official_round_control,35,0.7,245,8,0.01171875,40461,10442,0.0,0.615064,-0.281914,0.283089,-0.264576,0.271526,2.3849359999999997,0.0,1.218086,1.216911,1.235424,1.228474,0.20703125,0.20703125,0.139755249023,18,17,0.015323397839895208,0.01800421375215476,0.0,0.0,0.0,0.0,0.0,0.0,0.0,0.0,0.0,0.0,0.027779837374261634,0.030645470216433632,0.0,0.0,0.0,0.0,0.0,0.0,0.0,0.0,0.0,0.0,0.08652776747979536,0.0872438230224095,0.0,0.0,0.0,0.0,0.0,0.0,0.0,0.0,0.0,0.0,False,,0.186197249023
official_round_control,C0_long_official_round_control,36,0.72,252,8,0.01171875,42505,10982,0.0,0.632935,-0.292969,0.293129,-0.267165,0.275645,2.367065,0.0,1.207031,1.206871,1.2328350000000001,1.224355,0.208984375,0.208984375,0.146759033203,18,17,0.014115986354546525,0.016390457111637224,0.0,0.0,0.0,0.0,0.0,0.0,0.0,0.0,0.0,0.0,0.025879308316668626,0.028045893279912585,0.0,0.0,0.0,0.0,0.0,0.0,0.0,0.0,0.0,0.0,0.08067286201623339,0.08122382079766892,0.0,0.0,0.0,0.0,0.0,0.0,0.0,0.0,0.0,0.0,False,,0.19374103320299998
official_round_control,C0_long_official_round_control,37,0.74,259,8,0.01171875,44305,11465,0.0,0.650374,-0.299871,0.305999,-0.271607,0.280509,2.3496259999999998,0.0,1.200129,1.194001,1.228393,1.219491,0.216796875,0.216796875,0.15397644043,20,19,0.01354248956099763,0.01569995638901003,0.0,0.0,0.0,0.0,0.0,0.0,0.0,0.0,0.0,0.0,0.02708497912199526,0.02930658525948539,0.0,0.0,0.0,0.0,0.0,0.0,0.0,0.0,0.0,0.0,0.07836587292630628,0.07797645006541648,0.0,0.0,0.0,0.0,0.0,0.0,0.0,0.0,0.0,0.0,False,,0.20544144043
official_round_control,C0_long_official_round_control,38,0.76,266,8,0.01171875,45527,11754,0.0,0.67075,-0.30895,0.310513,-0.278472,0.282719,2.32925,0.0,1.19105,1.189487,1.221528,1.217281,0.224609375,0.224609375,0.158172607422,21,20,0.013530432490609968,0.015994555045091032,0.0,0.0,0.0,0.0,0.0,0.0,0.0,0.0,0.0,0.0,0.026709425176269026,0.02892632295388804,0.0,0.0,0.0,0.0,0.0,0.0,0.0,0.0,0.0,0.0,0.07797570672348277,0.07708014293006636,0.0,0.0,0.0,0.0,0.0,0.0,0.0,0.0,0.0,0.0,False,,0.211926607422
official_round_control,C0_long_official_round_control,39,0.78,273,8,0.01171875,47487,12289,0.0,0.687871,-0.318411,0.322987,-0.283996,0.284022,2.312129,0.0,1.181589,1.177013,1.2160039999999999,1.215978,0.23046875,0.23046875,0.163024902344,25,24,0.011540000421167899,0.013670762470502074,0.0,0.0,0.0,0.0,0.0,0.0,0.0,0.0,0.0,0.0,0.02274306652346958,0.024412075840182276,0.0,0.0,0.0,0.0,0.0,0.0,0.0,0.0,0.0,0.0,0.07271463769031525,0.07209699731467166,0.0,0.0,0.0,0.0,0.0,0.0,0.0,0.0,0.0,0.0,False,,0.225313902344
official_round_control,C0_long_official_round_control,40,0.8,280,8,0.01171875,49293,12763,0.0,0.706881,-0.328125,0.328767,-0.288003,0.289303,2.293119,0.0,1.171875,1.171233,1.211997,1.2106970000000001,0.236328125,0.236328125,0.170349121094,27,26,0.01249670338587629,0.014730079134999609,0.0,0.0,0.0,0.0,0.0,0.0,0.0,0.0,0.0,0.0,0.022558984034244212,0.024759069184361042,0.0,0.0,0.0,0.0,0.0,0.0,0.0,0.0,0.0,0.0,0.07108514393524436,0.07145655410170022,0.0,0.0,0.0,0.0,0.0,0.0,0.0,0.0,0.0,0.0,False,,0.23711212109399998
official_round_control,C0_long_official_round_control,41,0.82,287,8,0.01171875,50636,13145,0.0,0.725341,-0.335476,0.336409,-0.295477,0.298407,2.2746589999999998,0.0,1.1645240000000001,1.163591,1.204523,1.201593,0.240234375,0.240234375,0.177124023438,23,22,0.01184927719409116,0.013693419551160137,0.0,0.0,0.0,0.0,0.0,0.0,0.0,0.0,0.0,0.0,0.02156568449324591,0.02312666413084823,0.0,0.0,0.0,0.0,0.0,0.0,0.0,0.0,0.0,0.0,0.06712615530452642,0.06740205401293267,0.0,0.0,0.0,0.0,0.0,0.0,0.0,0.0,0.0,0.0,False,,0.23626902343799996
official_round_control,C0_long_official_round_control,42,0.84,294,8,0.01171875,52972,13750,0.0,0.742167,-0.348896,0.345258,-0.30378,0.304688,2.2578329999999998,0.0,1.1511040000000001,1.154742,1.19622,1.195312,0.248046875,0.248046875,0.184295654297,26,25,0.011326738654383448,0.01309090909090909,0.0,0.0,0.0,0.0,0.0,0.0,0.0,0.0,0.0,0.0,0.02280450049082534,0.024727272727272726,0.0,0.0,0.0,0.0,0.0,0.0,0.0,0.0,0.0,0.0,0.06573283999093861,0.06516363636363637,0.0,0.0,0.0,0.0,0.0,0.0,0.0,0.0,0.0,0.0,False,,0.250045654297
official_round_control,C0_long_official_round_control,43,0.86,301,8,0.01171875,55054,14330,0.0,0.758263,-0.352493,0.35403,-0.308727,0.308057,2.241737,0.0,1.147507,1.14597,1.191273,1.191943,0.25390625,0.25390625,0.187210083008,26,25,0.011189014422203655,0.013119330076762038,0.0,0.0,0.0,0.0,0.0,0.0,0.0,0.0,0.0,0.0,0.02208740509318124,0.02372644801116539,0.0,0.0,0.0,0.0,0.0,0.0,0.0,0.0,0.0,0.0,0.06524503215025249,0.0642009769713887,0.0,0.0,0.0,0.0,0.0,0.0,0.0,0.0,0.0,0.0,False,,0.253540083008
official_round_control,C0_long_official_round_control,44,0.88,308,8,0.01171875,56764,14780,0.0,0.77437,-0.359371,0.360371,-0.316143,0.312414,2.2256299999999998,0.0,1.1406290000000001,1.139629,1.183857,1.187586,0.255859375,0.255859375,0.193099975586,31,30,0.009794940455218096,0.011637347767253045,0.0,0.0,0.0,0.0,0.0,0.0,0.0,0.0,0.0,0.0,0.019131844126559088,0.02036535859269283,0.0,0.0,0.0,0.0,0.0,0.0,0.0,0.0,0.0,0.0,0.06088365865689521,0.06001353179972936,0.0,0.0,0.0,0.0,0.0,0.0,0.0,0.0,0.0,0.0,False,,0.269879975586
official_round_control,C0_long_official_round_control,45,0.9,315,8,0.01171875,58365,15248,0.0,0.789614,-0.365893,0.368155,-0.320439,0.317784,2.2103859999999997,0.0,1.134107,1.131845,1.179561,1.182216,0.263671875,0.263671875,0.198333740234,30,29,0.01048573631457209,0.012067156348373556,0.0,0.0,0.0,0.0,0.0,0.0,0.0,0.0,0.0,0.0,0.01891544590079671,0.020461699895068207,0.0,0.0,0.0,0.0,0.0,0.0,0.0,0.0,0.0,0.0,0.059693309346354834,0.059286463798530954,0.0,0.0,0.0,0.0,0.0,0.0,0.0,0.0,0.0,0.0,False,,0.273581740234
official_round_control,C0_long_official_round_control,46,0.92,322,8,0.01171875,59434,15566,0.0,0.806266,-0.375,0.375698,-0.326156,0.322759,2.193734,0.0,1.125,1.1243020000000001,1.1738439999999999,1.177241,0.26953125,0.26953125,0.203414916992,33,32,0.010095231685567184,0.011563664396762175,0.0,0.0,0.0,0.0,0.0,0.0,0.0,0.0,0.0,0.0,0.01850792475687317,0.01978671463445972,0.0,0.0,0.0,0.0,0.0,0.0,0.0,0.0,0.0,0.0,0.05769424908301646,0.057689836823846846,0.0,0.0,0.0,0.0,0.0,0.0,0.0,0.0,0.0,0.0,False,,0.28498091699200007
official_round_control,C0_long_official_round_control,47,0.94,329,8,0.01171875,61002,15922,0.0,0.822728,-0.382545,0.383085,-0.330453,0.328942,2.177272,0.0,1.117455,1.116915,1.1695470000000001,1.171058,0.275390625,0.275390625,0.213043212891,30,29,0.009835743090390479,0.01130511242306243,0.0,0.0,0.0,0.0,0.0,0.0,0.0,0.0,0.0,0.0,0.01970427199108226,0.021165682703177993,0.0,0.0,0.0,0.0,0.0,0.0,0.0,0.0,0.0,0.0,0.05678502344185436,0.05602311267428715,0.0,0.0,0.0,0.0,0.0,0.0,0.0,0.0,0.0,0.0,False,,0.28896521289099997
official_round_control,C0_long_official_round_control,48,0.96,336,8,0.01171875,62631,16345,0.0,0.83621,-0.396274,0.389128,-0.333525,0.333547,2.16379,0.0,1.103726,1.110872,1.166475,1.166453,0.279296875,0.279296875,0.214813232422,36,35,0.009835385032970894,0.011501988375650045,0.0,0.0,0.0,0.0,0.0,0.0,0.0,0.0,0.0,0.0,0.019415305519630853,0.020801468338941573,0.0,0.0,0.0,0.0,0.0,0.0,0.0,0.0,0.0,0.0,0.05680892848589357,0.05579687977974916,0.0,0.0,0.0,0.0,0.0,0.0,0.0,0.0,0.0,0.0,False,,0.303158232422
official_round_control,C0_long_official_round_control,49,0.98,343,8,0.01171875,64034,16745,0.0,0.854423,-0.399963,0.397011,-0.335549,0.33824,2.145577,0.0,1.100037,1.102989,1.1644510000000001,1.1617600000000001,0.28515625,0.28515625,0.221374511719,37,36,0.008557953587156823,0.010032845625559868,0.0,0.0,0.0,0.0,0.0,0.0,0.0,0.0,0.0,0.0,0.016928506730799264,0.018035234398327857,0.0,0.0,0.0,0.0,0.0,0.0,0.0,0.0,0.0,0.0,0.0539400943248899,0.05273215885338907,0.0,0.0,0.0,0.0,0.0,0.0,0.0,0.0,0.0,0.0,False,,0.312119511719
official_round_control,C0_long_official_round_control,50,1.0,350,8,0.01171875,65256,17061,0.0,0.869376,-0.400922,0.400467,-0.340333,0.342232,2.130624,0.0,1.099078,1.099533,1.159667,1.157768,0.29296875,0.29296875,0.225463867188,38,37,0.0094857177884026,0.011019283746556474,0.0,0.0,0.0,0.0,0.0,0.0,0.0,0.0,0.0,0.0,0.01708655142822116,0.018521774808041732,0.0,0.0,0.0,0.0,0.0,0.0,0.0,0.0,0.0,0.0,0.053405050876547754,0.05298634312173964,0.0,0.0,0.0,0.0,0.0,0.0,0.0,0.0,0.0,0.0,False,,0.318524867188
official_round_control,C0_long_official_round_control,51,1.02,365,8,0.01171875,67524,17701,0.0,0.885033,-0.40468,0.405072,-0.34243,0.345027,2.114967,0.0,1.09532,1.094928,1.15757,1.154973,0.294921875,0.294921875,0.233154296875,44,43,0.00888572951839346,0.0101689170103384,0.0,0.0,0.0,0.0,0.0,0.0,0.0,0.0,0.0,0.0,0.01620164682187074,0.017343652900966046,0.0,0.0,0.0,0.0,0.0,0.0,0.0,0.0,0.0,0.0,0.0506338487056454,0.05022315123439354,0.0,0.0,0.0,0.0,0.0,0.0,0.0,0.0,0.0,0.0,False,,0.338855296875
official_round_control,C0_long_official_round_control,52,1.04,374,8,0.01171875,68723,18006,0.0,0.902472,-0.410905,0.411728,-0.344826,0.348496,2.097528,0.0,1.089095,1.088272,1.155174,1.151504,0.30078125,0.30078125,0.240493774414,48,47,0.008847110865358032,0.009996667777407531,0.0,0.0,0.0,0.0,0.0,0.0,0.0,0.0,0.0,0.0,0.017839733422580505,0.01877152060424303,0.0,0.0,0.0,0.0,0.0,0.0,0.0,0.0,0.0,0.0,0.05111825735197823,0.04992780184382983,0.0,0.0,0.0,0.0,0.0,0.0,0.0,0.0,0.0,0.0,False,,0.354499774414
official_round_control,C0_long_official_round_control,53,1.06,382,8,0.01171875,70331,18433,0.0,0.917866,-0.41654,0.41912,-0.349707,0.352664,2.082134,0.0,1.08346,1.08088,1.150293,1.1473360000000001,0.30859375,0.30859375,0.243591308594,52,51,0.008872332257468257,0.009982097325448924,0.0,0.0,0.0,0.0,0.0,0.0,0.0,0.0,0.0,0.0,0.017104832861753707,0.018065426137904846,0.0,0.0,0.0,0.0,0.0,0.0,0.0,0.0,0.0,0.0,0.05095903655571512,0.049964737156187274,0.0,0.0,0.0,0.0,0.0,0.0,0.0,0.0,0.0,0.0,False,,0.366024308594
official_round_control,C0_long_official_round_control,54,1.08,389,8,0.01171875,72161,18914,0.0,0.934327,-0.423305,0.423013,-0.352709,0.35529,2.065673,0.0,1.076695,1.076987,1.147291,1.14471,0.310546875,0.310546875,0.251373291016,57,56,0.00748326658444312,0.008670825843290684,0.0,0.0,0.0,0.0,0.0,0.0,0.0,0.0,0.0,0.0,0.014578511938581782,0.015649783229353918,0.0,0.0,0.0,0.0,0.0,0.0,0.0,0.0,0.0,0.0,0.047324732196061585,0.04652638257375489,0.0,0.0,0.0,0.0,0.0,0.0,0.0,0.0,0.0,0.0,False,,0.38428729101599995
official_round_control,C0_long_official_round_control,55,1.1,396,8,0.01171875,73440,19254,0.0,0.950814,-0.426579,0.428814,-0.354783,0.355756,2.0491859999999997,0.0,1.073421,1.071186,1.145217,1.144244,0.318359375,0.318359375,0.255325317383,58,57,0.008387799564270153,0.009764204840552612,0.0,0.0,0.0,0.0,0.0,0.0,0.0,0.0,0.0,0.0,0.014869281045751633,0.01599667601537343,0.0,0.0,0.0,0.0,0.0,0.0,0.0,0.0,0.0,0.0,0.04552015250544662,0.045133478757660744,0.0,0.0,0.0,0.0,0.0,0.0,0.0,0.0,0.0,0.0,False,,0.390579317383
official_round_control,C0_long_official_round_control,56,1.12,403,8,0.01171875,75157,19707,0.0,0.96706,-0.430814,0.435256,-0.35667,0.358206,2.03294,0.0,1.069186,1.0647440000000001,1.14333,1.141794,0.32421875,0.32421875,0.260528564453,61,60,0.00798328831645755,0.009133810321205664,0.0,0.0,0.0,0.0,0.0,0.0,0.0,0.0,0.0,0.0,0.014582806658062455,0.015425990764702897,0.0,0.0,0.0,0.0,0.0,0.0,0.0,0.0,0.0,0.0,0.0452652447543143,0.04495864413660121,0.0,0.0,0.0,0.0,0.0,0.0,0.0,0.0,0.0,0.0,False,,0.40223556445299996
official_round_control,C0_long_official_round_control,57,1.14,410,8,0.01171875,76613,20083,0.0,0.984366,-0.437476,0.439301,-0.362502,0.363281,2.015634,0.0,1.062524,1.060699,1.137498,1.136719,0.326171875,0.326171875,0.266357421875,61,60,0.00783156905486014,0.008962804361898122,0.0,0.0,0.0,0.0,0.0,0.0,0.0,0.0,0.0,0.0,0.015637032879537414,0.016680774784643727,0.0,0.0,0.0,0.0,0.0,0.0,0.0,0.0,0.0,0.0,0.04556667928419459,0.04461484837922621,0.0,0.0,0.0,0.0,0.0,0.0,0.0,0.0,0.0,0.0,False,,0.408440421875
official_round_control,C0_long_official_round_control,58,1.16,417,8,0.01171875,78368,20517,0.0,1.00056,-0.438952,0.445308,-0.366375,0.364965,1.99944,0.0,1.061048,1.054692,1.1336249999999999,1.135035,0.333984375,0.333984375,0.27214050293,63,62,0.007860351163740302,0.009163133011648877,0.0,0.0,0.0,0.0,0.0,0.0,0.0,0.0,0.0,0.0,0.01551653736218865,0.016571623531705416,0.0,0.0,0.0,0.0,0.0,0.0,0.0,0.0,0.0,0.0,0.04546498570845243,0.04445094312033923,0.0,0.0,0.0,0.0,0.0,0.0,0.0,0.0,0.0,0.0,False,,0.41865750293
official_round_control,C0_long_official_round_control,59,1.18,424,8,0.01171875,80778,21157,0.0,1.01845,-0.445312,0.446781,-0.366736,0.367238,1.98155,0.0,1.054688,1.053219,1.133264,1.132762,0.33984375,0.33984375,0.278427124023,69,68,0.00679640496174701,0.007940634305430827,0.0,0.0,0.0,0.0,0.0,0.0,0.0,0.0,0.0,0.0,0.013382356582237739,0.014179704116840762,0.0,0.0,0.0,0.0,0.0,0.0,0.0,0.0,0.0,0.0,0.04238777885067716,0.041262938980006617,0.0,0.0,0.0,0.0,0.0,0.0,0.0,0.0,0.0,0.0,False,,0.437584124023
official_round_control,C0_long_official_round_control,60,1.2,431,8,0.01171875,81857,21439,0.0,1.03501,-0.448749,0.451163,-0.372879,0.375,1.96499,0.0,1.051251,1.048837,1.127121,1.125,0.34765625,0.34765625,0.285247802734,69,68,0.007574184248140049,0.008769065721348944,0.0,0.0,0.0,0.0,0.0,0.0,0.0,0.0,0.0,0.0,0.013633531646652089,0.014739493446522691,0.0,0.0,0.0,0.0,0.0,0.0,0.0,0.0,0.0,0.0,0.042708626018544533,0.04244600960865712,0.0,0.0,0.0,0.0,0.0,0.0,0.0,0.0,0.0,0.0,False,,0.444686802734
official_round_control,C0_long_official_round_control,61,1.22,438,8,0.01171875,84027,22051,0.0,1.05124,-0.451672,0.4566,-0.378831,0.381493,1.94876,0.0,1.048328,1.0434,1.121169,1.118507,0.349609375,0.349609375,0.291793823242,78,77,0.007140561962226427,0.008162895106797878,0.0,0.0,0.0,0.0,0.0,0.0,0.0,0.0,0.0,0.0,0.01301962464445952,0.013831572264296405,0.0,0.0,0.0,0.0,0.0,0.0,0.0,0.0,0.0,0.0,0.04068930224808692,0.040315631944129515,0.0,0.0,0.0,0.0,0.0,0.0,0.0,0.0,0.0,0.0,False,,0.469844823242
official_round_control,C0_long_official_round_control,62,1.24,445,8,0.01171875,85319,22357,0.0,1.06792,-0.457724,0.459721,-0.380832,0.387244,1.93208,0.0,1.042276,1.040279,1.119168,1.112756,0.357421875,0.357421875,0.297744750977,77,76,0.007032431228682943,0.00805116965603614,0.0,0.0,0.0,0.0,0.0,0.0,0.0,0.0,0.0,0.0,0.014111745332223771,0.01511830746522342,0.0,0.0,0.0,0.0,0.0,0.0,0.0,0.0,0.0,0.0,0.040811542563790014,0.040076933398935456,0.0,0.0,0.0,0.0,0.0,0.0,0.0,0.0,0.0,0.0,False,,0.47410175097699997
official_round_control,C0_long_official_round_control,63,1.26,452,8,0.01171875,86954,22776,0.0,1.08427,-0.459502,0.462429,-0.387548,0.391145,1.91573,0.0,1.040498,1.037571,1.112452,1.108855,0.36328125,0.36328125,0.305053710938,82,81,0.007084205441957816,0.00825430277485072,0.0,0.0,0.0,0.0,0.0,0.0,0.0,0.0,0.0,0.0,0.013984405547760885,0.014927994380049174,0.0,0.0,0.0,0.0,0.0,0.0,0.0,0.0,0.0,0.0,0.040619177956160726,0.039690902704601336,0.0,0.0,0.0,0.0,0.0,0.0,0.0,0.0,0.0,0.0,False,,0.491829710938
official_round_control,C0_long_official_round_control,64,1.28,459,8,0.01171875,88469,23181,0.0,1.10096,-0.461595,0.466119,-0.38984,0.399703,1.89904,0.0,1.038405,1.033881,1.11016,1.100297,0.365234375,0.365234375,0.310348510742,90,89,0.006194260136318936,0.007247314611103921,0.0,0.0,0.0,0.0,0.0,0.0,0.0,0.0,0.0,0.0,0.012207665962088415,0.012941633234114146,0.0,0.0,0.0,0.0,0.0,0.0,0.0,0.0,0.0,0.0,0.039121048050729634,0.038264095595530824,0.0,0.0,0.0,0.0,0.0,0.0,0.0,0.0,0.0,0.0,False,,0.5135295107419999
official_round_control,C0_long_official_round_control,65,1.3,466,8,0.01171875,90187,23651,0.0,1.11694,-0.463602,0.469135,-0.393832,0.401253,1.88306,0.0,1.036398,1.030865,1.106168,1.098747,0.373046875,0.373046875,0.313934326172,92,91,0.006830252697173651,0.007948923935562978,0.0,0.0,0.0,0.0,0.0,0.0,0.0,0.0,0.0,0.0,0.012352112832226375,0.01340323876368864,0.0,0.0,0.0,0.0,0.0,0.0,0.0,0.0,0.0,0.0,0.03885260625145531,0.03856073738953955,0.0,0.0,0.0,0.0,0.0,0.0,0.0,0.0,0.0,0.0,False,,0.521585326172
official_round_control,C0_long_official_round_control,66,1.32,473,8,0.01171875,91933,24097,0.0,1.13311,-0.46938,0.470744,-0.399416,0.40868,1.86689,0.0,1.0306199999999999,1.029256,1.100584,1.09132,0.37890625,0.37890625,0.321182250977,95,94,0.006526492119260766,0.007469809519857244,0.0,0.0,0.0,0.0,0.0,0.0,0.0,0.0,0.0,0.0,0.011878215657054594,0.012615678300203345,0.0,0.0,0.0,0.0,0.0,0.0,0.0,0.0,0.0,0.0,0.037026965289939415,0.0368510602979624,0.0,0.0,0.0,0.0,0.0,0.0,0.0,0.0,0.0,0.0,False,,0.535279250977
official_round_control,C0_long_official_round_control,67,1.34,480,8,0.01171875,93520,24540,0.0,1.1492,-0.470133,0.473405,-0.402333,0.413341,1.8508,0.0,1.0298669999999999,1.026595,1.097667,1.086659,0.38671875,0.38671875,0.325881958008,95,94,0.00641573994867408,0.007334963325183374,0.0,0.0,0.0,0.0,0.0,0.0,0.0,0.0,0.0,0.0,0.012917023096663816,0.013854930725346373,0.0,0.0,0.0,0.0,0.0,0.0,0.0,0.0,0.0,0.0,0.03726475620188195,0.036511817440912794,0.0,0.0,0.0,0.0,0.0,0.0,0.0,0.0,0.0,0.0,False,,0.5404219580080001
official_round_control,C0_long_official_round_control,68,1.36,487,8,0.01171875,95118,24957,0.0,1.16501,-0.472271,0.477017,-0.406538,0.420697,1.83499,0.0,1.027729,1.022983,1.093462,1.079303,0.388671875,0.388671875,0.331359863281,96,95,0.006476166445888265,0.007532956685499058,0.0,0.0,0.0,0.0,0.0,0.0,0.0,0.0,0.0,0.0,0.012784120776298914,0.013623432303562126,0.0,0.0,0.0,0.0,0.0,0.0,0.0,0.0,0.0,0.0,0.03766900060976892,0.03686340505669752,0.0,0.0,0.0,0.0,0.0,0.0,0.0,0.0,0.0,0.0,False,,0.5483168632809999
official_round_control,C0_long_official_round_control,69,1.38,494,8,0.01171875,96315,25287,0.0,1.18193,-0.473416,0.480684,-0.411673,0.424096,1.81807,0.0,1.026584,1.0193159999999999,1.088327,1.075904,0.39453125,0.39453125,0.336196899414,103,102,0.005783107511810206,0.00680191402697038,0.0,0.0,0.0,0.0,0.0,0.0,0.0,0.0,0.0,0.0,0.011348180449566526,0.0120219875825523,0.0,0.0,0.0,0.0,0.0,0.0,0.0,0.0,0.0,0.0,0.036058765509006906,0.03511685846482382,0.0,0.0,0.0,0.0,0.0,0.0,0.0,0.0,0.0,0.0,False,,0.567483899414
official_round_control,C0_long_official_round_control,70,1.4,501,8,0.01171875,97649,25632,0.0,1.1984,-0.474877,0.48148,-0.415687,0.428811,1.8016,0.0,1.025123,1.01852,1.084313,1.071189,0.40234375,0.40234375,0.342422485352,102,101,0.0062673452877141595,0.00717852684144819,0.0,0.0,0.0,0.0,0.0,0.0,0.0,0.0,0.0,0.0,0.01130579934254319,0.012172284644194757,0.0,0.0,0.0,0.0,0.0,0.0,0.0,0.0,0.0,0.0,0.035699290315313006,0.03526841448189763,0.0,0.0,0.0,0.0,0.0,0.0,0.0,0.0,0.0,0.0,False,,0.572054485352
official_round_control,C0_long_official_round_control,71,1.42,508,8,0.01171875,99119,26033,0.0,1.21526,-0.47665,0.482571,-0.422487,0.436309,1.78474,0.0,1.02335,1.017429,1.077513,1.063691,0.404296875,0.404296875,0.349822998047,105,104,0.006053329835853873,0.0069143010793992245,0.0,0.0,0.0,0.0,0.0,0.0,0.0,0.0,0.0,0.0,0.0110977713657321,0.011831137402527562,0.0,0.0,0.0,0.0,0.0,0.0,0.0,0.0,0.0,0.0,0.03462504666108415,0.03441785426189836,0.0,0.0,0.0,0.0,0.0,0.0,0.0,0.0,0.0,0.0,False,,0.585855998047
official_round_control,C0_long_official_round_control,72,1.44,515,8,0.01171875,100620,26398,0.0,1.23329,-0.479505,0.483376,-0.425538,0.438819,1.76671,0.0,1.020495,1.016624,1.074462,1.061181,0.412109375,0.412109375,0.355133056641,105,104,0.005963029218843173,0.0068186983862413815,0.0,0.0,0.0,0.0,0.0,0.0,0.0,0.0,0.0,0.0,0.012005565493937586,0.012879763618455943,0.0,0.0,0.0,0.0,0.0,0.0,0.0,0.0,0.0,0.0,0.034496124031007755,0.03379043866959618,0.0,0.0,0.0,0.0,0.0,0.0,0.0,0.0,0.0,0.0,False,,0.591531056641
official_round_control,C0_long_official_round_control,73,1.46,522,8,0.01171875,102025,26754,0.0,1.25017,-0.481069,0.485479,-0.430155,0.445841,1.74983,0.0,1.018931,1.014521,1.069845,1.054159,0.41796875,0.41796875,0.360717773438,100,99,0.0060377358490566035,0.0070269866188233535,0.0,0.0,0.0,0.0,0.0,0.0,0.0,0.0,0.0,0.0,0.011918647390345503,0.012708380055318831,0.0,0.0,0.0,0.0,0.0,0.0,0.0,0.0,0.0,0.0,0.03486400392060769,0.034088360618972864,0.0,0.0,0.0,0.0,0.0,0.0,0.0,0.0,0.0,0.0,False,,0.587471773438
official_round_control,C0_long_official_round_control,74,1.48,529,8,0.01171875,104020,27294,0.0,1.26833,-0.481731,0.492188,-0.434603,0.448537,1.73167,0.0,1.018269,1.007812,1.065397,1.051463,0.42578125,0.42578125,0.36474609375,102,101,0.005268217650451836,0.006155198944823038,0.0,0.0,0.0,0.0,0.0,0.0,0.0,0.0,0.0,0.0,0.010459527014035762,0.011137979043013117,0.0,0.0,0.0,0.0,0.0,0.0,0.0,0.0,0.0,0.0,0.03334935589309748,0.03249798490510735,0.0,0.0,0.0,0.0,0.0,0.0,0.0,0.0,0.0,0.0,False,,0.59604009375
official_round_control,C0_long_official_round_control,75,1.5,536,8,0.01171875,104918,27518,0.0,1.28569,-0.483129,0.492891,-0.437331,0.452369,1.71431,0.0,1.016871,1.007109,1.062669,1.047631,0.427734375,0.427734375,0.369750976562,104,103,0.005909376846680265,0.006831891852605567,0.0,0.0,0.0,0.0,0.0,0.0,0.0,0.0,0.0,0.0,0.010636878324024476,0.011483392688422123,0.0,0.0,0.0,0.0,0.0,0.0,0.0,0.0,0.0,0.0,0.03323547913608723,0.03285122465295443,0.0,0.0,0.0,0.0,0.0,0.0,0.0,0.0,0.0,0.0,False,,0.6052689765620001
official_round_control,C0_long_official_round_control,76,1.52,551,8,0.01171875,106834,28090,0.0,1.30277,-0.484096,0.49327,-0.445067,0.45778,1.69723,0.0,1.015904,1.0067300000000001,1.0549330000000001,1.04222,0.435546875,0.435546875,0.379196166992,100,99,0.005616189602560983,0.006407974368102528,0.0,0.0,0.0,0.0,0.0,0.0,0.0,0.0,0.0,0.0,0.010240185708669525,0.010929156283374866,0.0,0.0,0.0,0.0,0.0,0.0,0.0,0.0,0.0,0.0,0.03203100136660614,0.03175507297970808,0.0,0.0,0.0,0.0,0.0,0.0,0.0,0.0,0.0,0.0,False,,0.607286166992
official_round_control,C0_long_official_round_control,77,1.54,559,8,0.01171875,107722,28311,0.0,1.32158,-0.492853,0.493549,-0.446052,0.461318,1.67842,0.0,1.007147,1.006451,1.053948,1.038682,0.44140625,0.44140625,0.383758544922,115,114,0.005644158110692338,0.006357952739217972,0.0,0.0,0.0,0.0,0.0,0.0,0.0,0.0,0.0,0.0,0.011362581459683259,0.011868178446540215,0.0,0.0,0.0,0.0,0.0,0.0,0.0,0.0,0.0,0.0,0.03281595217318654,0.03207233937338844,0.0,0.0,0.0,0.0,0.0,0.0,0.0,0.0,0.0,0.0,False,,0.642069544922
official_round_control,C0_long_official_round_control,78,1.56,566,8,0.01171875,108683,28534,0.0,1.33873,-0.493842,0.494576,-0.449502,0.469709,1.66127,0.0,1.006158,1.005424,1.050498,1.030291,0.447265625,0.447265625,0.386962890625,121,120,0.005686261880882935,0.006413401556038411,0.0,0.0,0.0,0.0,0.0,0.0,0.0,0.0,0.0,0.0,0.01113329591564458,0.011740379897665942,0.0,0.0,0.0,0.0,0.0,0.0,0.0,0.0,0.0,0.0,0.03308705133277513,0.032312329151188056,0.0,0.0,0.0,0.0,0.0,0.0,0.0,0.0,0.0,0.0,False,,0.6574968906249999
official_round_control,C0_long_official_round_control,79,1.58,573,8,0.01171875,110356,28993,0.0,1.35626,-0.493964,0.495464,-0.454203,0.471079,1.64374,0.0,1.006036,1.0045359999999999,1.0457969999999999,1.028921,0.451171875,0.451171875,0.391159057617,124,123,0.004911377723005546,0.005691028869037354,0.0,0.0,0.0,0.0,0.0,0.0,0.0,0.0,0.0,0.0,0.009632462213200913,0.010243851964267237,0.0,0.0,0.0,0.0,0.0,0.0,0.0,0.0,0.0,0.0,0.03121715176338396,0.03052460938847308,0.0,0.0,0.0,0.0,0.0,0.0,0.0,0.0,0.0,0.0,False,,0.668152057617
official_round_control,C0_long_official_round_control,80,1.6,580,8,0.01171875,111509,29279,0.0,1.37496,-0.494085,0.495881,-0.457031,0.476127,1.62504,0.0,1.005915,1.004119,1.042969,1.023873,0.458984375,0.458984375,0.398651123047,127,126,0.00552421777614363,0.006420984323235083,0.0,0.0,0.0,0.0,0.0,0.0,0.0,0.0,0.0,0.0,0.009757059968253684,0.010519484955087264,0.0,0.0,0.0,0.0,0.0,0.0,0.0,0.0,0.0,0.0,0.029979642898779472,0.02967997540899621,0.0,0.0,0.0,0.0,0.0,0.0,0.0,0.0,0.0,0.0,False,,0.6819301230470001
official_round_control,C0_long_official_round_control,81,1.62,587,8,0.01171875,113073,29651,0.0,1.39194,-0.494162,0.49597,-0.46001,0.477262,1.60806,0.0,1.005838,1.00403,1.03999,1.022738,0.46484375,0.46484375,0.402694702148,131,130,0.005306306545329124,0.006070621564196823,0.0,0.0,0.0,0.0,0.0,0.0,0.0,0.0,0.0,0.0,0.009657477912499005,0.0102526053084213,0.0,0.0,0.0,0.0,0.0,0.0,0.0,0.0,0.0,0.0,0.02998063198110955,0.02984722269063438,0.0,0.0,0.0,0.0,0.0,0.0,0.0,0.0,0.0,0.0,False,,0.6943457021480001
official_round_control,C0_long_official_round_control,82,1.64,594,8,0.01171875,114344,29991,0.0,1.4093,-0.494166,0.495841,-0.468566,0.481725,1.5907,0.0,1.0058340000000001,1.004159,1.031434,1.018275,0.47265625,0.47265625,0.406372070312,131,130,0.0052473238648289375,0.006001800540162049,0.0,0.0,0.0,0.0,0.0,0.0,0.0,0.0,0.0,0.0,0.010494647729657875,0.01120336100830249,0.0,0.0,0.0,0.0,0.0,0.0,0.0,0.0,0.0,0.0,0.030661862450150422,0.030009002700810243,0.0,0.0,0.0,0.0,0.0,0.0,0.0,0.0,0.0,0.0,False,,0.698363070312
official_round_control,C0_long_official_round_control,83,1.66,601,8,0.01171875,115593,30361,0.0,1.42757,-0.493953,0.495465,-0.469797,0.484622,1.57243,0.0,1.0060470000000001,1.004535,1.030203,1.0153780000000001,0.474609375,0.474609375,0.414123535156,134,133,0.005329042416063257,0.006192154408616317,0.0,0.0,0.0,0.0,0.0,0.0,0.0,0.0,0.0,0.0,0.010519668145995,0.01119857712196568,0.0,0.0,0.0,0.0,0.0,0.0,0.0,0.0,0.0,0.0,0.03089287413597709,0.030302032212377723,0.0,0.0,0.0,0.0,0.0,0.0,0.0,0.0,0.0,0.0,False,,0.712484535156
official_round_control,C0_long_official_round_control,84,1.68,608,8,0.01171875,117595,30846,0.0,1.4446,-0.49368,0.495202,-0.470443,0.488497,1.5554,0.0,1.00632,1.004798,1.029557,1.011503,0.482421875,0.482421875,0.41650390625,131,130,0.0046600620774692805,0.005446411204045905,0.0,0.0,0.0,0.0,0.0,0.0,0.0,0.0,0.0,0.0,0.00925209405161784,0.009855410750178305,0.0,0.0,0.0,0.0,0.0,0.0,0.0,0.0,0.0,0.0,0.029099876695437732,0.028334305906762627,0.0,0.0,0.0,0.0,0.0,0.0,0.0,0.0,0.0,0.0,False,,0.70934990625
official_round_control,C0_long_official_round_control,85,1.7,615,8,0.01171875,119328,31317,0.0,1.46233,-0.493381,0.495417,-0.474516,0.493609,1.53767,0.0,1.006619,1.004583,1.025484,1.006391,0.48828125,0.48828125,0.421569824219,143,142,0.005128720836685439,0.005875403135677108,0.0,0.0,0.0,0.0,0.0,0.0,0.0,0.0,0.0,0.0,0.00925181013676589,0.009962640099626401,0.0,0.0,0.0,0.0,0.0,0.0,0.0,0.0,0.0,0.0,0.029247117189595065,0.028929974135453587,0.0,0.0,0.0,0.0,0.0,0.0,0.0,0.0,0.0,0.0,False,,0.7388868242190001
official_round_control,C0_long_official_round_control,86,1.72,622,8,0.01171875,120285,31558,0.0,1.47823,-0.493214,0.495565,-0.480428,0.496842,1.52177,0.0,1.006786,1.004435,1.019572,1.003158,0.49609375,0.49609375,0.427871704102,140,139,0.004988153136301285,0.0057037835097281196,0.0,0.0,0.0,0.0,0.0,0.0,0.0,0.0,0.0,0.0,0.009144947416552356,0.009759807338868116,0.0,0.0,0.0,0.0,0.0,0.0,0.0,0.0,0.0,0.0,0.028573803882445858,0.028392166803979973,0.0,0.0,0.0,0.0,0.0,0.0,0.0,0.0,0.0,0.0,False,,0.7394297041019999
official_round_control,C0_long_official_round_control,87,1.74,629,8,0.01171875,121159,31720,0.0,1.49483,-0.493144,0.495647,-0.482854,0.497477,1.50517,0.0,1.006856,1.004353,1.0171459999999999,1.002523,0.498046875,0.498046875,0.430374145508,143,142,0.004952170288628992,0.005674653215636823,0.0,0.0,0.0,0.0,0.0,0.0,0.0,0.0,0.0,0.0,0.009970369514439702,0.010718789407313998,0.0,0.0,0.0,0.0,0.0,0.0,0.0,0.0,0.0,0.0,0.02865655873686643,0.028121059268600253,0.0,0.0,0.0,0.0,0.0,0.0,0.0,0.0,0.0,0.0,False,,0.748094145508
official_round_control,C0_long_official_round_control,88,1.76,636,8,0.01171875,122507,32126,0.0,1.51172,-0.492997,0.495695,-0.487892,0.499719,1.48828,0.0,1.007003,1.004305,1.012108,1.000281,0.50390625,0.50390625,0.435394287109,143,142,0.00502828409805154,0.005851957915706904,0.0,0.0,0.0,0.0,0.0,0.0,0.0,0.0,0.0,0.0,0.009925963414335508,0.01058332814542738,0.0,0.0,0.0,0.0,0.0,0.0,0.0,0.0,0.0,0.0,0.028986098753540614,0.028388221378322854,0.0,0.0,0.0,0.0,0.0,0.0,0.0,0.0,0.0,0.0,False,,0.753520287109
official_round_control,C0_long_official_round_control,89,1.78,643,8,0.01171875,125002,32753,0.0,1.52784,-0.492615,0.495726,-0.49291,0.505102,1.47216,0.0,1.007385,1.0042740000000001,1.00709,0.994898,0.51171875,0.51171875,0.442337036133,149,148,0.004399929601126382,0.005129301132720667,0.0,0.0,0.0,0.0,0.0,0.0,0.0,0.0,0.0,0.0,0.008719860482232285,0.009281592525875492,0.0,0.0,0.0,0.0,0.0,0.0,0.0,0.0,0.0,0.0,0.02783155469512488,0.027142551827313528,0.0,0.0,0.0,0.0,0.0,0.0,0.0,0.0,0.0,0.0,False,,0.773090036133
official_round_control,C0_long_official_round_control,90,1.8,650,8,0.01171875,125332,32828,0.0,1.54507,-0.492339,0.495828,-0.493614,0.50615,1.45493,0.0,1.007661,1.004172,1.006386,0.99385,0.513671875,0.513671875,0.447570800781,145,144,0.004930903520250216,0.00572681856951383,0.0,0.0,0.0,0.0,0.0,0.0,0.0,0.0,0.0,0.0,0.0088883924297067,0.009625929084927501,0.0,0.0,0.0,0.0,0.0,0.0,0.0,0.0,0.0,0.0,0.027806146873902912,0.027537468015109052,0.0,0.0,0.0,0.0,0.0,0.0,0.0,0.0,0.0,0.0,False,,0.770398800781
official_round_control,C0_long_official_round_control,91,1.82,657,8,0.01171875,127367,33402,0.0,1.56326,-0.492321,0.496403,-0.494027,0.509259,1.43674,0.0,1.007679,1.003597,1.005973,0.990741,0.521484375,0.521484375,0.455108642578,153,152,0.004710796360124679,0.005388898868331237,0.0,0.0,0.0,0.0,0.0,0.0,0.0,0.0,0.0,0.0,0.008589352029960666,0.009131189749116819,0.0,0.0,0.0,0.0,0.0,0.0,0.0,0.0,0.0,0.0,0.02692220119811254,0.026734926052332197,0.0,0.0,0.0,0.0,0.0,0.0,0.0,0.0,0.0,0.0,False,,0.7945106425780001
official_round_control,C0_long_official_round_control,92,1.84,663,8,0.01171875,128778,33716,0.0,1.57819,-0.492318,0.49688,-0.49503,0.511831,1.42181,0.0,1.007682,1.00312,1.00497,0.988169,0.52734375,0.52734375,0.458267211914,155,154,0.004659180915994968,0.005338711590936054,0.0,0.0,0.0,0.0,0.0,0.0,0.0,0.0,0.0,0.0,0.009380484244203202,0.010084233005101436,0.0,0.0,0.0,0.0,0.0,0.0,0.0,0.0,0.0,0.0,0.02704654521735079,0.026574919919326135,0.0,0.0,0.0,0.0,0.0,0.0,0.0,0.0,0.0,0.0,False,,0.8019832119139999
official_round_control,C0_long_official_round_control,93,1.86,669,8,0.01171875,129874,34070,0.0,1.59468,-0.492552,0.496757,-0.496932,0.515625,1.40532,0.0,1.0074480000000001,1.0032429999999999,1.003068,0.984375,0.53515625,0.53515625,0.462966918945,163,162,0.004804656821226727,0.005518051071323745,0.0,0.0,0.0,0.0,0.0,0.0,0.0,0.0,0.0,0.0,0.00942451914932935,0.009979454065159965,0.0,0.0,0.0,0.0,0.0,0.0,0.0,0.0,0.0,0.0,0.027357284752914362,0.026768417963017318,0.0,0.0,0.0,0.0,0.0,0.0,0.0,0.0,0.0,0.0,False,,0.8230369189450001
official_round_control,C0_long_official_round_control,94,1.88,675,8,0.01171875,131685,34447,0.0,1.61089,-0.492931,0.496777,-0.501252,0.516498,1.38911,0.0,1.007069,1.003223,0.998748,0.983502,0.537109375,0.537109375,0.472473144531,166,165,0.004153851995291795,0.004877057508636456,0.0,0.0,0.0,0.0,0.0,0.0,0.0,0.0,0.0,0.0,0.008239359076584274,0.008709031265422242,0.0,0.0,0.0,0.0,0.0,0.0,0.0,0.0,0.0,0.0,0.02646466947640202,0.02577873254564984,0.0,0.0,0.0,0.0,0.0,0.0,0.0,0.0,0.0,0.0,False,,0.8389201445310001
official_round_control,C0_long_official_round_control,95,1.9,681,8,0.01171875,132595,34780,0.0,1.62682,-0.493313,0.500564,-0.507662,0.520571,1.37318,0.0,1.0066869999999999,0.999436,0.992338,0.979429,0.541015625,0.541015625,0.476135253906,167,166,0.004645725706097515,0.005290396779758482,0.0,0.0,0.0,0.0,0.0,0.0,0.0,0.0,0.0,0.0,0.008416606961046796,0.009085681426106959,0.0,0.0,0.0,0.0,0.0,0.0,0.0,0.0,0.0,0.0,0.02633583468456578,0.02622196664749856,0.0,0.0,0.0,0.0,0.0,0.0,0.0,0.0,0.0,0.0,False,,0.8449152539060001
official_round_control,C0_long_official_round_control,96,1.92,687,8,0.01171875,134475,35260,0.0,1.6432,-0.493776,0.497423,-0.515625,0.522344,1.3568,0.0,1.006224,1.002577,0.984375,0.977656,0.548828125,0.548828125,0.481781005859,167,166,0.004521286484476668,0.005104934770277935,0.0,0.0,0.0,0.0,0.0,0.0,0.0,0.0,0.0,0.0,0.0081799591002045,0.008621667612024958,0.0,0.0,0.0,0.0,0.0,0.0,0.0,0.0,0.0,0.0,0.025461981781000186,0.02526942711287578,0.0,0.0,0.0,0.0,0.0,0.0,0.0,0.0,0.0,0.0,False,,0.851041005859
official_round_control,C0_long_official_round_control,97,1.94,693,8,0.01171875,135390,35478,0.0,1.65928,-0.494327,0.497281,-0.515625,0.527532,1.34072,0.0,1.005673,1.002719,0.984375,0.972468,0.552734375,0.552734375,0.489074707031,170,169,0.0044316419233325945,0.0050735667174023336,0.0,0.0,0.0,0.0,0.0,0.0,0.0,0.0,0.0,0.0,0.008804195287687422,0.009357911945430971,0.0,0.0,0.0,0.0,0.0,0.0,0.0,0.0,0.0,0.0,0.02541546643031243,0.024804103951744743,0.0,0.0,0.0,0.0,0.0,0.0,0.0,0.0,0.0,0.0,False,,0.8645527070310001
official_round_control,C0_long_official_round_control,98,1.96,699,8,0.01171875,136565,35787,0.0,1.67527,-0.49467,0.497576,-0.510601,0.528499,1.32473,0.0,1.00533,1.002424,0.989399,0.971501,0.55859375,0.55859375,0.491317749023,172,171,0.004591220298026581,0.005253304272501188,0.0,0.0,0.0,0.0,0.0,0.0,0.0,0.0,0.0,0.0,0.008962764983707391,0.009500656663034063,0.0,0.0,0.0,0.0,0.0,0.0,0.0,0.0,0.0,0.0,0.025987624940504522,0.025540000558862158,0.0,0.0,0.0,0.0,0.0,0.0,0.0,0.0,0.0,0.0,False,,0.8711047490230001
official_round_control,C0_long_official_round_control,99,1.98,705,8,0.01171875,138320,36268,0.0,1.6911,-0.49481,0.498031,-0.515625,0.531146,1.3089,0.0,1.00519,1.0019689999999999,0.984375,0.968854,0.56640625,0.56640625,0.497940063477,166,165,0.003932909196067091,0.004632182640344105,0.0,0.0,0.0,0.0,0.0,0.0,0.0,0.0,0.0,0.0,0.008039329091960671,0.008602624903496194,0.0,0.0,0.0,0.0,0.0,0.0,0.0,0.0,0.0,0.0,0.02518796992481203,0.02473254659755156,0.0,0.0,0.0,0.0,0.0,0.0,0.0,0.0,0.0,0.0,False,,0.866208063477
official_round_control,C0_long_official_round_control,100,2.0,711,8,0.01171875,139377,36571,0.0,1.70727,-0.49472,0.498615,-0.516008,0.534812,1.29273,0.0,1.00528,1.001385,0.983992,0.965188,0.568359375,0.568359375,0.502243041992,166,165,0.004419667520466074,0.005031308960651883,0.0,0.0,0.0,0.0,0.0,0.0,0.0,0.0,0.0,0.0,0.008007059988376848,0.008640726258510843,0.0,0.0,0.0,0.0,0.0,0.0,0.0,0.0,0.0,0.0,0.024889328942364952,0.02488310409887616,0.0,0.0,0.0,0.0,0.0,0.0,0.0,0.0,0.0,0.0,False,,0.870814041992
rectangular_top_hat,C1_rect_area_top_hat,0,0.0,0,8,0.01171875,424,104,0.0,0.0234375,-0.105469,0.105469,-0.057993,0.057993,2.9765625,0.0,1.394531,1.394531,1.442007,1.442007,0.005859375,0.005859375,0.0015869140625,1,0,1.0,1.0,0.0,0.0,0.0,0.0,0.0,0.0,0.0,0.0,0.0,0.0,1.0,1.0,0.0,0.0,0.0,0.0,0.0,0.0,0.0,0.0,0.0,0.0,1.0,1.0,0.0,0.0,0.0,0.0,0.0,0.0,0.0,0.0,0.0,0.0,False,,0.0036909140625
rectangular_top_hat,C1_rect_area_top_hat,1,0.02,10,8,0.01171875,1588,396,0.0,0.0449327,-0.112364,0.112362,-0.056131,0.05613,2.9550673,0.0,1.387636,1.387638,1.443869,1.44387,0.013671875,0.013671875,0.00592041015625,1,0,0.41309823677581864,0.48484848484848486,0.0,0.0,0.0,0.0,0.0,0.0,0.0,0.0,0.0,0.0,1.0,1.0,0.0,0.0,0.0,0.0,0.0,0.0,0.0,0.0,0.0,0.0,1.0,1.0,0.0,0.0,0.0,0.0,0.0,0.0,0.0,0.0,0.0,0.0,False,,0.00831641015625
rectangular_top_hat,C1_rect_area_top_hat,2,0.04,16,8,0.01171875,2144,538,0.0,0.0607026,-0.11497,0.114965,-0.0581004,0.058106,2.9392974,0.0,1.38503,1.385035,1.4418996,1.441894,0.021484375,0.021484375,0.007568359375,1,0,0.30223880597014924,0.3643122676579926,0.0,0.0,0.0,0.0,0.0,0.0,0.0,0.0,0.0,0.0,0.539179104477612,0.587360594795539,0.0,0.0,0.0,0.0,0.0,0.0,0.0,0.0,0.0,0.0,1.0,1.0,0.0,0.0,0.0,0.0,0.0,0.0,0.0,0.0,0.0,0.0,False,,0.010106359375
rectangular_top_hat,C1_rect_area_top_hat,3,0.06,21,8,0.01171875,2612,656,0.0,0.0776273,-0.118397,0.118392,-0.0604972,0.0605011,2.9223727,0.0,1.381603,1.381608,1.4395028,1.4394989,0.025390625,0.025390625,0.00958251953125,1,0,0.20980091883614088,0.25,0.0,0.0,0.0,0.0,0.0,0.0,0.0,0.0,0.0,0.0,0.4992343032159265,0.5548780487804879,0.0,0.0,0.0,0.0,0.0,0.0,0.0,0.0,0.0,0.0,1.0,1.0,0.0,0.0,0.0,0.0,0.0,0.0,0.0,0.0,0.0,0.0,False,,0.01223851953125
rectangular_top_hat,C1_rect_area_top_hat,4,0.08,26,8,0.01171875,3082,772,0.0,0.0939858,-0.122441,0.122424,-0.0643771,0.0643857,2.9060142,0.0,1.377559,1.377576,1.4356229,1.4356143,0.029296875,0.029296875,0.0107269287109,1,0,0.18818948734587929,0.23834196891191708,0.0,0.0,0.0,0.0,0.0,0.0,0.0,0.0,0.0,0.0,0.3802725502920182,0.43005181347150256,0.0,0.0,0.0,0.0,0.0,0.0,0.0,0.0,0.0,0.0,1.0,1.0,0.0,0.0,0.0,0.0,0.0,0.0,0.0,0.0,0.0,0.0,False,,0.0134989287109
rectangular_top_hat,C1_rect_area_top_hat,5,0.1,31,8,0.01171875,4002,1012,0.0,0.110465,-0.12657,0.126544,-0.0675933,0.0675915,2.889535,0.0,1.37343,1.373456,1.4324067,1.4324085,0.037109375,0.037109375,0.0137939453125,1,0,0.1539230384807596,0.18181818181818182,0.0,0.0,0.0,0.0,0.0,0.0,0.0,0.0,0.0,0.0,0.29685157421289354,0.3241106719367589,0.0,0.0,0.0,0.0,0.0,0.0,0.0,0.0,0.0,0.0,1.0,1.0,0.0,0.0,0.0,0.0,0.0,0.0,0.0,0.0,0.0,0.0,False,,0.0168059453125
rectangular_top_hat,C1_rect_area_top_hat,6,0.12,35,8,0.01171875,4385,1100,0.0,0.127318,-0.129101,0.129093,-0.0705121,0.0705056,2.872682,0.0,1.370899,1.3709069999999999,1.4294879,1.4294944,0.041015625,0.041015625,0.0154113769531,1,0,0.14526795895096922,0.1781818181818182,0.0,0.0,0.0,0.0,0.0,0.0,0.0,0.0,0.0,0.0,0.2702394526795895,0.3018181818181818,0.0,0.0,0.0,0.0,0.0,0.0,0.0,0.0,0.0,0.0,1.0,1.0,0.0,0.0,0.0,0.0,0.0,0.0,0.0,0.0,0.0,0.0,False,,0.0185113769531
rectangular_top_hat,C1_rect_area_top_hat,7,0.14,39,8,0.01171875,5357,1336,0.0,0.143776,-0.130161,0.130148,-0.0733363,0.0733336,2.856224,0.0,1.369839,1.369852,1.4266637,1.4266664,0.048828125,0.048828125,0.0190582275391,1,0,0.11797647937278327,0.1437125748502994,0.0,0.0,0.0,0.0,0.0,0.0,0.0,0.0,0.0,0.0,0.20907224192645138,0.23053892215568864,0.0,0.0,0.0,0.0,0.0,0.0,0.0,0.0,0.0,0.0,1.0,1.0,0.0,0.0,0.0,0.0,0.0,0.0,0.0,0.0,0.0,0.0,False,,0.0223942275391
rectangular_top_hat,C1_rect_area_top_hat,8,0.16,43,8,0.01171875,5721,1436,0.0,0.160274,-0.130953,0.130936,-0.0764815,0.0764797,2.839726,0.0,1.369047,1.369064,1.4235185,1.4235203,0.052734375,0.052734375,0.0201416015625,1,0,0.09858416360776089,0.11977715877437325,0.0,0.0,0.0,0.0,0.0,0.0,0.0,0.0,0.0,0.0,0.19646914875021848,0.21727019498607242,0.0,0.0,0.0,0.0,0.0,0.0,0.0,0.0,0.0,0.0,0.8140185282293305,0.8356545961002786,0.0,0.0,0.0,0.0,0.0,0.0,0.0,0.0,0.0,0.0,False,,0.0235776015625
rectangular_top_hat,C1_rect_area_top_hat,9,0.18,48,8,0.01171875,6296,1586,0.0,0.176975,-0.13254,0.132524,-0.0797885,0.0797837,2.823025,0.0,1.36746,1.367476,1.4202115,1.4202163,0.060546875,0.060546875,0.0227203369141,1,0,0.09783989834815757,0.11601513240857503,0.0,0.0,0.0,0.0,0.0,0.0,0.0,0.0,0.0,0.0,0.1826556543837357,0.19924337957124844,0.0,0.0,0.0,0.0,0.0,0.0,0.0,0.0,0.0,0.0,0.7409466327827192,0.7679697351828499,0.0,0.0,0.0,0.0,0.0,0.0,0.0,0.0,0.0,0.0,False,,0.0263063369141
rectangular_top_hat,C1_rect_area_top_hat,10,0.2,53,8,0.01171875,7471,1878,0.0,0.193663,-0.134346,0.134314,-0.0839156,0.083908,2.806337,0.0,1.365654,1.365686,1.4160844,1.416092,0.064453125,0.064453125,0.0257873535156,1,0,0.08124749029581046,0.09584664536741214,0.0,0.0,0.0,0.0,0.0,0.0,0.0,0.0,0.0,0.0,0.15352697095435686,0.1703940362087327,0.0,0.0,0.0,0.0,0.0,0.0,0.0,0.0,0.0,0.0,0.6011243474769107,0.6373801916932907,0.0,0.0,0.0,0.0,0.0,0.0,0.0,0.0,0.0,0.0,False,,0.029665353515600002
rectangular_top_hat,C1_rect_area_top_hat,11,0.22,58,8,0.01171875,7997,2002,0.0,0.21026,-0.13696,0.136897,-0.08815,0.0881247,2.78974,0.0,1.36304,1.363103,1.41185,1.4118753,0.068359375,0.068359375,0.0282592773438,1,0,0.07802926097286482,0.0939060939060939,0.0,0.0,0.0,0.0,0.0,0.0,0.0,0.0,0.0,0.0,0.1445542078279355,0.16183816183816183,0.0,0.0,0.0,0.0,0.0,0.0,0.0,0.0,0.0,0.0,0.48330623983994,0.521978021978022,0.0,0.0,0.0,0.0,0.0,0.0,0.0,0.0,0.0,0.0,False,,0.0322612773438
rectangular_top_hat,C1_rect_area_top_hat,12,0.24,63,8,0.01171875,8954,2232,0.0,0.226919,-0.140804,0.1408,-0.0925039,0.0924844,2.773081,0.0,1.359196,1.3592,1.4074961,1.4075156,0.076171875,0.076171875,0.0315093994141,1,0,0.07281661827116373,0.08960573476702509,0.0,0.0,0.0,0.0,0.0,0.0,0.0,0.0,0.0,0.0,0.12955103864194772,0.14336917562724014,0.0,0.0,0.0,0.0,0.0,0.0,0.0,0.0,0.0,0.0,0.40406522224704045,0.42383512544802865,0.0,0.0,0.0,0.0,0.0,0.0,0.0,0.0,0.0,0.0,False,,0.0357413994141
rectangular_top_hat,C1_rect_area_top_hat,13,0.26,68,8,0.01171875,9620,2406,0.0,0.243402,-0.142759,0.142661,-0.0977144,0.097687,2.756598,0.0,1.357241,1.357339,1.4022856,1.402313,0.080078125,0.080078125,0.0336608886719,1,0,0.059251559251559255,0.0714879467996675,0.0,0.0,0.0,0.0,0.0,0.0,0.0,0.0,0.0,0.0,0.12037422037422038,0.1313383208645054,0.0,0.0,0.0,0.0,0.0,0.0,0.0,0.0,0.0,0.0,0.367983367983368,0.38320864505403157,0.0,0.0,0.0,0.0,0.0,0.0,0.0,0.0,0.0,0.0,False,,0.0380668886719
rectangular_top_hat,C1_rect_area_top_hat,14,0.28,73,8,0.01171875,10664,2674,0.0,0.259913,-0.145735,0.145726,-0.102914,0.10289,2.740087,0.0,1.354265,1.354274,1.397086,1.39711,0.087890625,0.087890625,0.0372161865234,1,0,0.06489122280570142,0.07778608825729244,0.0,0.0,0.0,0.0,0.0,0.0,0.0,0.0,0.0,0.0,0.1282820705176294,0.14210919970082272,0.0,0.0,0.0,0.0,0.0,0.0,0.0,0.0,0.0,0.0,0.3435858964741185,0.36200448765893795,0.0,0.0,0.0,0.0,0.0,0.0,0.0,0.0,0.0,0.0,False,,0.04189018652340001
rectangular_top_hat,C1_rect_area_top_hat,15,0.3,78,8,0.01171875,11480,2853,0.0,0.276501,-0.147751,0.147796,-0.110093,0.110079,2.723499,0.0,1.352249,1.352204,1.389907,1.389921,0.091796875,0.091796875,0.0400695800781,1,0,0.054181184668989545,0.06449351559761654,0.0,0.0,0.0,0.0,0.0,0.0,0.0,0.0,0.0,0.0,0.10400696864111499,0.11636873466526464,0.0,0.0,0.0,0.0,0.0,0.0,0.0,0.0,0.0,0.0,0.3081010452961672,0.32246757798808273,0.0,0.0,0.0,0.0,0.0,0.0,0.0,0.0,0.0,0.0,False,,0.0449225800781
rectangular_top_hat,C1_rect_area_top_hat,16,0.32,84,8,0.01171875,11929,2975,0.0,0.293029,-0.148899,0.148976,-0.116307,0.11629,2.7069710000000002,0.0,1.3511009999999999,1.351024,1.383693,1.38371,0.095703125,0.095703125,0.0415649414062,1,0,0.05230949786235225,0.06319327731092438,0.0,0.0,0.0,0.0,0.0,0.0,0.0,0.0,0.0,0.0,0.09791264984491575,0.11159663865546218,0.0,0.0,0.0,0.0,0.0,0.0,0.0,0.0,0.0,0.0,0.2968396345041496,0.3092436974789916,0.0,0.0,0.0,0.0,0.0,0.0,0.0,0.0,0.0,0.0,False,,0.0465399414062
rectangular_top_hat,C1_rect_area_top_hat,17,0.34,90,8,0.01171875,12529,3140,0.0,0.309506,-0.151519,0.151462,-0.126431,0.126443,2.690494,0.0,1.348481,1.348538,1.373569,1.373557,0.10546875,0.10546875,0.0448760986328,1,0,0.05235852821454226,0.06369426751592357,0.0,0.0,0.0,0.0,0.0,0.0,0.0,0.0,0.0,0.0,0.09258520233059303,0.10191082802547771,0.0,0.0,0.0,0.0,0.0,0.0,0.0,0.0,0.0,0.0,0.27137042062415195,0.2802547770700637,0.0,0.0,0.0,0.0,0.0,0.0,0.0,0.0,0.0,0.0,False,,0.0500160986328
rectangular_top_hat,C1_rect_area_top_hat,18,0.36,96,8,0.01171875,13459,3361,0.0,0.328031,-0.152112,0.152275,-0.135852,0.135878,2.671969,0.0,1.347888,1.347725,1.364148,1.364122,0.107421875,0.107421875,0.0476379394531,1,0,0.04814622185897912,0.05712585540017852,0.0,0.0,0.0,0.0,0.0,0.0,0.0,0.0,0.0,0.0,0.09153726131213315,0.09997024695031241,0.0,0.0,0.0,0.0,0.0,0.0,0.0,0.0,0.0,0.0,0.26866780592911804,0.2787860755727462,0.0,0.0,0.0,0.0,0.0,0.0,0.0,0.0,0.0,0.0,False,,0.052998939453100004
rectangular_top_hat,C1_rect_area_top_hat,19,0.38,103,8,0.01171875,14889,3721,0.0,0.344156,-0.152344,0.152667,-0.143761,0.143822,2.655844,0.0,1.347656,1.347333,1.356239,1.3561779999999999,0.115234375,0.115234375,0.0510101318359,1,0,0.04674591980656861,0.0569739317387799,0.0,0.0,0.0,0.0,0.0,0.0,0.0,0.0,0.0,0.0,0.08892470951709315,0.09889814565976889,0.0,0.0,0.0,0.0,0.0,0.0,0.0,0.0,0.0,0.0,0.2537443750419773,0.2657887664606289,0.0,0.0,0.0,0.0,0.0,0.0,0.0,0.0,0.0,0.0,False,,0.056731131835900006
rectangular_top_hat,C1_rect_area_top_hat,20,0.4,110,8,0.01171875,15446,3864,0.0,0.363281,-0.155975,0.156568,-0.150189,0.150321,2.636719,0.0,1.344025,1.343432,1.349811,1.349679,0.119140625,0.119140625,0.0543823242188,1,0,0.0411757089214036,0.050724637681159424,0.0,0.0,0.0,0.0,0.0,0.0,0.0,0.0,0.0,0.0,0.0813155509517027,0.09213250517598344,0.0,0.0,0.0,0.0,0.0,0.0,0.0,0.0,0.0,0.0,0.23669558461737666,0.2489648033126294,0.0,0.0,0.0,0.0,0.0,0.0,0.0,0.0,0.0,0.0,False,,0.0602463242188
rectangular_top_hat,C1_rect_area_top_hat,21,0.42,117,8,0.01171875,16566,4140,0.0,0.381007,-0.162105,0.162307,-0.155973,0.156205,2.618993,0.0,1.337895,1.337693,1.344027,1.343795,0.12890625,0.12890625,0.0588531494141,1,0,0.039116262223831945,0.04734299516908213,0.0,0.0,0.0,0.0,0.0,0.0,0.0,0.0,0.0,0.0,0.07171314741035857,0.08115942028985507,0.0,0.0,0.0,0.0,0.0,0.0,0.0,0.0,0.0,0.0,0.21719183870578293,0.22608695652173913,0.0,0.0,0.0,0.0,0.0,0.0,0.0,0.0,0.0,0.0,False,,0.0649931494141
rectangular_top_hat,C1_rect_area_top_hat,22,0.44,124,8,0.01171875,17850,4459,0.0,0.398438,-0.1699,0.171168,-0.160745,0.161011,2.601562,0.0,1.3301,1.328832,1.339255,1.338989,0.130859375,0.130859375,0.0623016357422,1,0,0.03764705882352941,0.04575016819914779,0.0,0.0,0.0,0.0,0.0,0.0,0.0,0.0,0.0,0.0,0.06588235294117648,0.0717649697241534,0.0,0.0,0.0,0.0,0.0,0.0,0.0,0.0,0.0,0.0,0.20011204481792716,0.2054272258353891,0.0,0.0,0.0,0.0,0.0,0.0,0.0,0.0,0.0,0.0,False,,0.0687606357422
rectangular_top_hat,C1_rect_area_top_hat,23,0.46,131,8,0.01171875,19031,4726,0.0,0.414055,-0.1787,0.180873,-0.164812,0.164887,2.585945,0.0,1.3213,1.319127,1.335188,1.335113,0.138671875,0.138671875,0.0673980712891,1,0,0.03573117545058063,0.04231908590774439,0.0,0.0,0.0,0.0,0.0,0.0,0.0,0.0,0.0,0.0,0.06641794966107929,0.07278882776132035,0.0,0.0,0.0,0.0,0.0,0.0,0.0,0.0,0.0,0.0,0.1941043560506542,0.2022852306390182,0.0,0.0,0.0,0.0,0.0,0.0,0.0,0.0,0.0,0.0,False,,0.0741240712891
rectangular_top_hat,C1_rect_area_top_hat,24,0.48,138,8,0.01171875,20716,5189,0.0,0.431909,-0.188281,0.190485,-0.166831,0.167362,2.568091,0.0,1.311719,1.309515,1.333169,1.332638,0.14453125,0.14453125,0.0733337402344,1,0,0.02857694535624638,0.035459626132202736,0.0,0.0,0.0,0.0,0.0,0.0,0.0,0.0,0.0,0.0,0.05696080324386947,0.06321063788783966,0.0,0.0,0.0,0.0,0.0,0.0,0.0,0.0,0.0,0.0,0.1777852867348909,0.18577760647523608,0.0,0.0,0.0,0.0,0.0,0.0,0.0,0.0,0.0,0.0,False,,0.0805227402344
rectangular_top_hat,C1_rect_area_top_hat,25,0.5,145,8,0.01171875,22272,5587,0.0,0.446701,-0.19787,0.20007,-0.167732,0.168131,2.553299,0.0,1.30213,1.29993,1.332268,1.331869,0.150390625,0.150390625,0.0774536132812,1,0,0.028556034482758622,0.03508143905494899,0.0,0.0,0.0,0.0,0.0,0.0,0.0,0.0,0.0,0.0,0.058010057471264365,0.06515124395919097,0.0,0.0,0.0,0.0,0.0,0.0,0.0,0.0,0.0,0.0,0.16464619252873564,0.1732593520672991,0.0,0.0,0.0,0.0,0.0,0.0,0.0,0.0,0.0,0.0,False,,0.0850406132812
rectangular_top_hat,C1_rect_area_top_hat,26,0.52,160,8,0.01171875,24218,6103,0.0,0.465518,-0.210428,0.211386,-0.169675,0.170263,2.534482,0.0,1.289572,1.288614,1.330325,1.329737,0.154296875,0.154296875,0.08447265625,1,0,0.026839540837393674,0.03211535310503031,0.0,0.0,0.0,0.0,0.0,0.0,0.0,0.0,0.0,0.0,0.04897183912792138,0.05439947566770441,0.0,0.0,0.0,0.0,0.0,0.0,0.0,0.0,0.0,0.0,0.15030142868940458,0.15418646567262,0.0,0.0,0.0,0.0,0.0,0.0,0.0,0.0,0.0,0.0,False,,0.09257565625
rectangular_top_hat,C1_rect_area_top_hat,27,0.54,169,8,0.01171875,25488,6394,0.0,0.482182,-0.221421,0.223169,-0.176804,0.177529,2.517818,0.0,1.278579,1.276831,1.323196,1.322471,0.162109375,0.162109375,0.0890502929688,1,0,0.02785624607658506,0.032843290584923364,0.0,0.0,0.0,0.0,0.0,0.0,0.0,0.0,0.0,0.0,0.048414940364092905,0.053487644666875195,0.0,0.0,0.0,0.0,0.0,0.0,0.0,0.0,0.0,0.0,0.14740269930947897,0.15170472317797937,0.0,0.0,0.0,0.0,0.0,0.0,0.0,0.0,0.0,0.0,False,,0.0974442929688
rectangular_top_hat,C1_rect_area_top_hat,28,0.56,177,8,0.01171875,27496,6908,0.0,0.499841,-0.231644,0.234457,-0.187564,0.186481,2.500159,0.0,1.268356,1.265543,1.312436,1.3135189999999999,0.16796875,0.16796875,0.0955657958984,3,2,0.026331102705848125,0.03242617255356109,0.0,0.0,0.0,0.0,0.0,0.0,0.0,0.0,0.0,0.0,0.04786150712830957,0.052692530399536766,0.0,0.0,0.0,0.0,0.0,0.0,0.0,0.0,0.0,0.0,0.13649258073901657,0.14070642733063116,0.0,0.0,0.0,0.0,0.0,0.0,0.0,0.0,0.0,0.0,False,,0.1084737958984
rectangular_top_hat,C1_rect_area_top_hat,29,0.58,185,8,0.01171875,28969,7312,0.0,0.515876,-0.240923,0.243992,-0.19051,0.191637,2.484124,0.0,1.259077,1.256008,1.30949,1.308363,0.169921875,0.169921875,0.100234985352,3,2,0.020297559460112535,0.02461706783369803,0.0,0.0,0.0,0.0,0.0,0.0,0.0,0.0,0.0,0.0,0.042424660844350856,0.0474562363238512,0.0,0.0,0.0,0.0,0.0,0.0,0.0,0.0,0.0,0.0,0.13172701853705684,0.13730853391684902,0.0,0.0,0.0,0.0,0.0,0.0,0.0,0.0,0.0,0.0,False,,0.113546985352
rectangular_top_hat,C1_rect_area_top_hat,30,0.6,193,8,0.01171875,30212,7638,0.0,0.533595,-0.249702,0.25416,-0.199741,0.199577,2.466405,0.0,1.250298,1.24584,1.300259,1.3004229999999999,0.177734375,0.177734375,0.104110717773,3,2,0.021316033364226137,0.025661167844985597,0.0,0.0,0.0,0.0,0.0,0.0,0.0,0.0,0.0,0.0,0.04289686217397061,0.047394605917779525,0.0,0.0,0.0,0.0,0.0,0.0,0.0,0.0,0.0,0.0,0.12389116907189196,0.12909138517936633,0.0,0.0,0.0,0.0,0.0,0.0,0.0,0.0,0.0,0.0,False,,0.11774871777300001
rectangular_top_hat,C1_rect_area_top_hat,31,0.62,201,8,0.01171875,31548,8014,0.0,0.551614,-0.258701,0.264366,-0.202424,0.203368,2.448386,0.0,1.241299,1.2356340000000001,1.297576,1.296632,0.185546875,0.185546875,0.109954833984,3,2,0.020540129326740205,0.024457199900174694,0.0,0.0,0.0,0.0,0.0,0.0,0.0,0.0,0.0,0.0,0.03708634461772537,0.04080359371100574,0.0,0.0,0.0,0.0,0.0,0.0,0.0,0.0,0.0,0.0,0.11360466590592114,0.11642126279011729,0.0,0.0,0.0,0.0,0.0,0.0,0.0,0.0,0.0,0.0,False,,0.123968833984
rectangular_top_hat,C1_rect_area_top_hat,32,0.64,209,8,0.01171875,32044,8102,0.0,0.569387,-0.268785,0.273397,-0.207174,0.209302,2.430613,0.0,1.231215,1.2266029999999999,1.292826,1.290698,0.189453125,0.189453125,0.111602783203,5,4,0.02218824116839346,0.026413231300913356,0.0,0.0,0.0,0.0,0.0,0.0,0.0,0.0,0.0,0.0,0.03794782174510049,0.040854110096272524,0.0,0.0,0.0,0.0,0.0,0.0,0.0,0.0,0.0,0.0,0.11562226937960304,0.11750185139471736,0.0,0.0,0.0,0.0,0.0,0.0,0.0,0.0,0.0,0.0,False,,0.129704783203
rectangular_top_hat,C1_rect_area_top_hat,33,0.66,217,8,0.01171875,33588,8492,0.0,0.588749,-0.277022,0.283665,-0.211956,0.212542,2.411251,0.0,1.222978,1.216335,1.288044,1.287458,0.19921875,0.19921875,0.116607666016,5,4,0.02551506490413243,0.030146019783325484,0.0,0.0,0.0,0.0,0.0,0.0,0.0,0.0,0.0,0.0,0.04418244611170656,0.047103155911446065,0.0,0.0,0.0,0.0,0.0,0.0,0.0,0.0,0.0,0.0,0.11712516374895796,0.1188177107866227,0.0,0.0,0.0,0.0,0.0,0.0,0.0,0.0,0.0,0.0,False,,0.13509966601600001
rectangular_top_hat,C1_rect_area_top_hat,34,0.68,225,8,0.01171875,35061,8910,0.0,0.609342,-0.285973,0.292896,-0.212993,0.214582,2.390658,0.0,1.214027,1.207104,1.287007,1.285418,0.201171875,0.201171875,0.122573852539,3,2,0.01608624967913066,0.019304152637485972,0.0,0.0,0.0,0.0,0.0,0.0,0.0,0.0,0.0,0.0,0.03345597672627706,0.0367003367003367,0.0,0.0,0.0,0.0,0.0,0.0,0.0,0.0,0.0,0.0,0.10484584010724167,0.10897867564534232,0.0,0.0,0.0,0.0,0.0,0.0,0.0,0.0,0.0,0.0,False,,0.137483852539
rectangular_top_hat,C1_rect_area_top_hat,35,0.7,233,8,0.01171875,36602,9303,0.0,0.624869,-0.293902,0.301321,-0.213939,0.217268,2.375131,0.0,1.206098,1.198679,1.2860610000000001,1.282732,0.208984375,0.208984375,0.127410888672,3,2,0.01737609966668488,0.021068472535741158,0.0,0.0,0.0,0.0,0.0,0.0,0.0,0.0,0.0,0.0,0.035134692093328236,0.039234655487477156,0.0,0.0,0.0,0.0,0.0,0.0,0.0,0.0,0.0,0.0,0.10092344680618545,0.10491239385144577,0.0,0.0,0.0,0.0,0.0,0.0,0.0,0.0,0.0,0.0,False,,0.14271388867200002
rectangular_top_hat,C1_rect_area_top_hat,36,0.72,240,8,0.01171875,38272,9744,0.0,0.644531,-0.304688,0.309815,-0.21537,0.222801,2.3554690000000003,0.0,1.195312,1.190185,1.28463,1.277199,0.21484375,0.21484375,0.13459777832,3,2,0.0169314381270903,0.020114942528735632,0.0,0.0,0.0,0.0,0.0,0.0,0.0,0.0,0.0,0.0,0.030622909698996656,0.03366174055829228,0.0,0.0,0.0,0.0,0.0,0.0,0.0,0.0,0.0,0.0,0.09406354515050168,0.09646962233169129,0.0,0.0,0.0,0.0,0.0,0.0,0.0,0.0,0.0,0.0,False,,0.15034177832
rectangular_top_hat,C1_rect_area_top_hat,37,0.74,247,8,0.01171875,39899,10180,0.0,0.661066,-0.310234,0.317975,-0.226656,0.223783,2.338934,0.0,1.189766,1.1820249999999999,1.273344,1.276217,0.220703125,0.220703125,0.139175415039,4,3,0.01882252688037294,0.02200392927308448,0.0,0.0,0.0,0.0,0.0,0.0,0.0,0.0,0.0,0.0,0.03145442241660192,0.03339882121807466,0.0,0.0,0.0,0.0,0.0,0.0,0.0,0.0,0.0,0.0,0.09378681169954134,0.09420432220039293,0.0,0.0,0.0,0.0,0.0,0.0,0.0,0.0,0.0,0.0,False,,0.157355415039
rectangular_top_hat,C1_rect_area_top_hat,38,0.76,254,8,0.01171875,40903,10434,0.0,0.680612,-0.321718,0.328125,-0.23829,0.234375,2.319388,0.0,1.178282,1.171875,1.2617099999999999,1.265625,0.228515625,0.228515625,0.143280029297,5,4,0.017187003398283746,0.02003066896683918,0.0,0.0,0.0,0.0,0.0,0.0,0.0,0.0,0.0,0.0,0.031635821333398526,0.03383170404447,0.0,0.0,0.0,0.0,0.0,0.0,0.0,0.0,0.0,0.0,0.09138693983326407,0.09239026260302856,0.0,0.0,0.0,0.0,0.0,0.0,0.0,0.0,0.0,0.0,False,,0.16371402929700002
rectangular_top_hat,C1_rect_area_top_hat,39,0.78,261,8,0.01171875,42071,10748,0.0,0.699742,-0.324774,0.334494,-0.248969,0.241571,2.300258,0.0,1.1752259999999999,1.165506,1.251031,1.258429,0.232421875,0.232421875,0.146789550781,6,5,0.01342967840079865,0.016002977298101972,0.0,0.0,0.0,0.0,0.0,0.0,0.0,0.0,0.0,0.0,0.02783389983599154,0.030517305545217716,0.0,0.0,0.0,0.0,0.0,0.0,0.0,0.0,0.0,0.0,0.08773264243778375,0.09015630815035355,0.0,0.0,0.0,0.0,0.0,0.0,0.0,0.0,0.0,0.0,False,,0.16953755078100002
rectangular_top_hat,C1_rect_area_top_hat,40,0.8,268,8,0.01171875,43461,11140,0.0,0.713121,-0.331673,0.343064,-0.258651,0.257812,2.286879,0.0,1.1683270000000001,1.156936,1.241349,1.242188,0.23828125,0.23828125,0.152206420898,5,4,0.014633809622420101,0.017594254937163375,0.0,0.0,0.0,0.0,0.0,0.0,0.0,0.0,0.0,0.0,0.02922160097558731,0.032046678635547575,0.0,0.0,0.0,0.0,0.0,0.0,0.0,0.0,0.0,0.0,0.08407537792503623,0.08680430879712747,0.0,0.0,0.0,0.0,0.0,0.0,0.0,0.0,0.0,0.0,False,,0.173346420898
rectangular_top_hat,C1_rect_area_top_hat,41,0.82,275,8,0.01171875,44746,11424,0.0,0.726452,-0.337023,0.351958,-0.267319,0.261821,2.273548,0.0,1.162977,1.148042,1.232681,1.238179,0.240234375,0.240234375,0.156646728516,8,7,0.014481741384704778,0.01715686274509804,0.0,0.0,0.0,0.0,0.0,0.0,0.0,0.0,0.0,0.0,0.026371072274616724,0.029061624649859945,0.0,0.0,0.0,0.0,0.0,0.0,0.0,0.0,0.0,0.0,0.08139275018996112,0.08263305322128851,0.0,0.0,0.0,0.0,0.0,0.0,0.0,0.0,0.0,0.0,False,,0.18407072851599998
rectangular_top_hat,C1_rect_area_top_hat,42,0.84,282,8,0.01171875,45965,11745,0.0,0.740755,-0.3427,0.357951,-0.274796,0.271783,2.259245,0.0,1.1573,1.142049,1.225204,1.228217,0.248046875,0.248046875,0.160385131836,9,8,0.01601218318285652,0.018731375053214133,0.0,0.0,0.0,0.0,0.0,0.0,0.0,0.0,0.0,0.0,0.02702055912107038,0.028607918263090677,0.0,0.0,0.0,0.0,0.0,0.0,0.0,0.0,0.0,0.0,0.08062656368976395,0.08071519795657726,0.0,0.0,0.0,0.0,0.0,0.0,0.0,0.0,0.0,0.0,False,,0.19013013183600003
rectangular_top_hat,C1_rect_area_top_hat,43,0.86,289,8,0.01171875,48108,12310,0.0,0.757844,-0.352185,0.365939,-0.281926,0.281572,2.242156,0.0,1.147815,1.134061,1.218074,1.218428,0.25390625,0.25390625,0.16764831543,14,13,0.018209029683212773,0.020958570268074735,0.0,0.0,0.0,0.0,0.0,0.0,0.0,0.0,0.0,0.0,0.03113827222083645,0.03265637692932575,0.0,0.0,0.0,0.0,0.0,0.0,0.0,0.0,0.0,0.0,0.08077658601480003,0.08115353371242892,0.0,0.0,0.0,0.0,0.0,0.0,0.0,0.0,0.0,0.0,False,,0.20795831542999998
rectangular_top_hat,C1_rect_area_top_hat,44,0.88,295,8,0.01171875,48617,12454,0.0,0.773438,-0.352371,0.375847,-0.28586,0.289132,2.226562,0.0,1.147629,1.124153,1.21414,1.210868,0.255859375,0.255859375,0.169296264648,16,15,0.013842894460785323,0.016059097478721696,0.0,0.0,0.0,0.0,0.0,0.0,0.0,0.0,0.0,0.0,0.02667791101877944,0.028906375461699052,0.0,0.0,0.0,0.0,0.0,0.0,0.0,0.0,0.0,0.0,0.07853220067054734,0.08061666934318291,0.0,0.0,0.0,0.0,0.0,0.0,0.0,0.0,0.0,0.0,False,,0.21375026464799998
rectangular_top_hat,C1_rect_area_top_hat,45,0.9,301,8,0.01171875,50675,12989,0.0,0.78851,-0.358377,0.384271,-0.293319,0.296102,2.21149,0.0,1.141623,1.115729,1.2066810000000001,1.2038980000000001,0.263671875,0.263671875,0.177581787109,16,15,0.012234829797730636,0.014781738394025714,0.0,0.0,0.0,0.0,0.0,0.0,0.0,0.0,0.0,0.0,0.024173655648741982,0.026483947955962737,0.0,0.0,0.0,0.0,0.0,0.0,0.0,0.0,0.0,0.0,0.07157375431672422,0.07375471552852414,0.0,0.0,0.0,0.0,0.0,0.0,0.0,0.0,0.0,0.0,False,,0.222570787109
rectangular_top_hat,C1_rect_area_top_hat,46,0.92,308,8,0.01171875,52552,13490,0.0,0.801513,-0.362257,0.39046,-0.296656,0.304356,2.198487,0.0,1.137743,1.10954,1.203344,1.195644,0.267578125,0.267578125,0.183883666992,19,18,0.012311615162125132,0.014529280948851002,0.0,0.0,0.0,0.0,0.0,0.0,0.0,0.0,0.0,0.0,0.02243492160146141,0.024610822831727205,0.0,0.0,0.0,0.0,0.0,0.0,0.0,0.0,0.0,0.0,0.06947404475567058,0.07027427724240178,0.0,0.0,0.0,0.0,0.0,0.0,0.0,0.0,0.0,0.0,False,,0.23537366699200002
rectangular_top_hat,C1_rect_area_top_hat,47,0.94,315,8,0.01171875,53757,13784,0.0,0.815274,-0.364123,0.39898,-0.301639,0.308632,2.184726,0.0,1.135877,1.10102,1.198361,1.191368,0.271484375,0.271484375,0.188232421875,25,24,0.013765649124765147,0.01596053395240859,0.0,0.0,0.0,0.0,0.0,0.0,0.0,0.0,0.0,0.0,0.02328999014081887,0.024666279744631456,0.0,0.0,0.0,0.0,0.0,0.0,0.0,0.0,0.0,0.0,0.06825157653886936,0.06790481717933837,0.0,0.0,0.0,0.0,0.0,0.0,0.0,0.0,0.0,0.0,False,,0.252016421875
rectangular_top_hat,C1_rect_area_top_hat,48,0.96,322,8,0.01171875,55429,14235,0.0,0.830091,-0.366672,0.405313,-0.30566,0.315532,2.169909,0.0,1.1333280000000001,1.094687,1.19434,1.184468,0.27734375,0.27734375,0.195816040039,19,18,0.015551426148766891,0.01798384264137689,0.0,0.0,0.0,0.0,0.0,0.0,0.0,0.0,0.0,0.0,0.026881235454365042,0.028099754127151388,0.0,0.0,0.0,0.0,0.0,0.0,0.0,0.0,0.0,0.0,0.07091955474571073,0.07095187917105725,0.0,0.0,0.0,0.0,0.0,0.0,0.0,0.0,0.0,0.0,False,,0.248051040039
rectangular_top_hat,C1_rect_area_top_hat,49,0.98,329,8,0.01171875,56863,14637,0.0,0.848313,-0.368696,0.412811,-0.306376,0.319416,2.151687,0.0,1.131304,1.087189,1.193624,1.180584,0.28515625,0.28515625,0.199859619141,17,16,0.009988920739320823,0.012024321923891508,0.0,0.0,0.0,0.0,0.0,0.0,0.0,0.0,0.0,0.0,0.021103353674621458,0.02295552367288379,0.0,0.0,0.0,0.0,0.0,0.0,0.0,0.0,0.0,0.0,0.06594798023319205,0.06722689075630252,0.0,0.0,0.0,0.0,0.0,0.0,0.0,0.0,0.0,0.0,False,,0.24849661914100002
rectangular_top_hat,C1_rect_area_top_hat,50,1.0,336,8,0.01171875,58310,15041,0.0,0.865613,-0.372477,0.415923,-0.306973,0.325237,2.1343870000000003,0.0,1.127523,1.084077,1.193027,1.174763,0.287109375,0.287109375,0.205047607422,23,22,0.010289830217801407,0.011834319526627219,0.0,0.0,0.0,0.0,0.0,0.0,0.0,0.0,0.0,0.0,0.02009946835877208,0.021940030583072933,0.0,0.0,0.0,0.0,0.0,0.0,0.0,0.0,0.0,0.0,0.06144743611730406,0.06276178445582076,0.0,0.0,0.0,0.0,0.0,0.0,0.0,0.0,0.0,0.0,False,,0.266088607422
rectangular_top_hat,C1_rect_area_top_hat,51,1.02,350,8,0.01171875,60000,15528,0.0,0.881303,-0.375,0.422524,-0.30878,0.330335,2.118697,0.0,1.125,1.0774759999999999,1.19122,1.169665,0.294921875,0.294921875,0.210479736328,27,26,0.0108,0.012622359608449252,0.0,0.0,0.0,0.0,0.0,0.0,0.0,0.0,0.0,0.0,0.019566666666666666,0.02125193199381762,0.0,0.0,0.0,0.0,0.0,0.0,0.0,0.0,0.0,0.0,0.06076666666666666,0.06092220504894384,0.0,0.0,0.0,0.0,0.0,0.0,0.0,0.0,0.0,0.0,False,,0.28000773632799997
rectangular_top_hat,C1_rect_area_top_hat,52,1.04,358,8,0.01171875,62062,16054,0.0,0.898212,-0.375573,0.427161,-0.312113,0.333328,2.101788,0.0,1.124427,1.072839,1.187887,1.166672,0.30078125,0.30078125,0.214660644531,33,32,0.013148142180400245,0.01470038619658652,0.0,0.0,0.0,0.0,0.0,0.0,0.0,0.0,0.0,0.0,0.02159131191389256,0.022922636103151862,0.0,0.0,0.0,0.0,0.0,0.0,0.0,0.0,0.0,0.0,0.062002513615416845,0.061791453843278936,0.0,0.0,0.0,0.0,0.0,0.0,0.0,0.0,0.0,0.0,False,,0.29671464453100005
rectangular_top_hat,C1_rect_area_top_hat,53,1.06,365,8,0.01171875,62789,16217,0.0,0.915002,-0.377218,0.427908,-0.313069,0.339844,2.084998,0.0,1.122782,1.072092,1.186931,1.160156,0.306640625,0.306640625,0.219757080078,33,32,0.011785503830288745,0.014059320466177468,0.0,0.0,0.0,0.0,0.0,0.0,0.0,0.0,0.0,0.0,0.021596139451177755,0.022938891286921132,0.0,0.0,0.0,0.0,0.0,0.0,0.0,0.0,0.0,0.0,0.061109429995699883,0.06104704939261269,0.0,0.0,0.0,0.0,0.0,0.0,0.0,0.0,0.0,0.0,False,,0.301974080078
rectangular_top_hat,C1_rect_area_top_hat,54,1.08,372,8,0.01171875,64130,16591,0.0,0.931915,-0.379337,0.434497,-0.314527,0.349609,2.068085,0.0,1.120663,1.065503,1.185473,1.150391,0.310546875,0.310546875,0.225982666016,30,29,0.008841415874005925,0.010367066481827497,0.0,0.0,0.0,0.0,0.0,0.0,0.0,0.0,0.0,0.0,0.018665211289568065,0.01995057561328431,0.0,0.0,0.0,0.0,0.0,0.0,0.0,0.0,0.0,0.0,0.05863090597224388,0.05906816948948225,0.0,0.0,0.0,0.0,0.0,0.0,0.0,0.0,0.0,0.0,False,,0.302573666016
rectangular_top_hat,C1_rect_area_top_hat,55,1.1,378,8,0.01171875,64794,16798,0.0,0.94883,-0.380872,0.437392,-0.317267,0.346346,2.05117,0.0,1.119128,1.062608,1.182733,1.153654,0.31640625,0.31640625,0.229690551758,34,33,0.009074914343920734,0.010239314204071913,0.0,0.0,0.0,0.0,0.0,0.0,0.0,0.0,0.0,0.0,0.017655955798376394,0.01928801047743779,0.0,0.0,0.0,0.0,0.0,0.0,0.0,0.0,0.0,0.0,0.054356884896749696,0.0554827955709013,0.0,0.0,0.0,0.0,0.0,0.0,0.0,0.0,0.0,0.0,False,,0.31448855175799995
rectangular_top_hat,C1_rect_area_top_hat,56,1.12,384,8,0.01171875,66315,17211,0.0,0.965563,-0.383344,0.438658,-0.31804,0.349732,2.034437,0.0,1.1166559999999999,1.061342,1.1819600000000001,1.150268,0.32421875,0.32421875,0.235229492188,41,40,0.00977154489934404,0.01138806577189007,0.0,0.0,0.0,0.0,0.0,0.0,0.0,0.0,0.0,0.0,0.017612908090175676,0.01905757945499971,0.0,0.0,0.0,0.0,0.0,0.0,0.0,0.0,0.0,0.0,0.05415064465053156,0.05391900528731625,0.0,0.0,0.0,0.0,0.0,0.0,0.0,0.0,0.0,0.0,False,,0.334440492188
rectangular_top_hat,C1_rect_area_top_hat,57,1.14,390,8,0.01171875,67752,17577,0.0,0.982197,-0.384319,0.44252,-0.318568,0.352989,2.017803,0.0,1.115681,1.05748,1.181432,1.147011,0.326171875,0.326171875,0.239868164062,44,43,0.010774589680009446,0.01228878648233487,0.0,0.0,0.0,0.0,0.0,0.0,0.0,0.0,0.0,0.0,0.018051127641988428,0.018888319963588782,0.0,0.0,0.0,0.0,0.0,0.0,0.0,0.0,0.0,0.0,0.05376963041681426,0.05308073050008534,0.0,0.0,0.0,0.0,0.0,0.0,0.0,0.0,0.0,0.0,False,,0.34544516406200004
rectangular_top_hat,C1_rect_area_top_hat,58,1.16,396,8,0.01171875,69068,17933,0.0,0.998753,-0.386381,0.446205,-0.32006,0.354559,2.001247,0.0,1.113619,1.053795,1.17994,1.145441,0.333984375,0.333984375,0.244766235352,46,45,0.010352116754502809,0.01198907042881838,0.0,0.0,0.0,0.0,0.0,0.0,0.0,0.0,0.0,0.0,0.019039207737302367,0.01979590698711872,0.0,0.0,0.0,0.0,0.0,0.0,0.0,0.0,0.0,0.0,0.05384548560838594,0.053253777951263036,0.0,0.0,0.0,0.0,0.0,0.0,0.0,0.0,0.0,0.0,False,,0.354699235352
rectangular_top_hat,C1_rect_area_top_hat,59,1.18,402,8,0.01171875,70788,18370,0.0,1.0153,-0.387534,0.447793,-0.320757,0.356937,1.9847,0.0,1.112466,1.0522070000000001,1.179243,1.143063,0.33984375,0.33984375,0.249755859375,40,39,0.007783805164717184,0.00914534567229178,0.0,0.0,0.0,0.0,0.0,0.0,0.0,0.0,0.0,0.0,0.01669774538057298,0.017909635274904735,0.0,0.0,0.0,0.0,0.0,0.0,0.0,0.0,0.0,0.0,0.051760185342148386,0.05220468154599891,0.0,0.0,0.0,0.0,0.0,0.0,0.0,0.0,0.0,0.0,False,,0.348125859375
rectangular_top_hat,C1_rect_area_top_hat,60,1.2,408,8,0.01171875,72053,18736,0.0,1.03161,-0.389721,0.44974,-0.328357,0.361803,1.96839,0.0,1.110279,1.05026,1.171643,1.138197,0.341796875,0.341796875,0.25505065918,46,45,0.008160659514524032,0.009180187873612296,0.0,0.0,0.0,0.0,0.0,0.0,0.0,0.0,0.0,0.0,0.016196410975254327,0.017719897523484202,0.0,0.0,0.0,0.0,0.0,0.0,0.0,0.0,0.0,0.0,0.049574618683469115,0.05038428693424424,0.0,0.0,0.0,0.0,0.0,0.0,0.0,0.0,0.0,0.0,False,,0.36578665918
rectangular_top_hat,C1_rect_area_top_hat,61,1.22,414,8,0.01171875,73617,19125,0.0,1.04784,-0.391568,0.452825,-0.322789,0.364132,1.95216,0.0,1.108432,1.047175,1.177211,1.1358679999999999,0.349609375,0.349609375,0.258819580078,44,43,0.008720811769020743,0.01019607843137255,0.0,0.0,0.0,0.0,0.0,0.0,0.0,0.0,0.0,0.0,0.015444802151676923,0.01647058823529412,0.0,0.0,0.0,0.0,0.0,0.0,0.0,0.0,0.0,0.0,0.048154638194982134,0.04805228758169935,0.0,0.0,0.0,0.0,0.0,0.0,0.0,0.0,0.0,0.0,False,,0.36594458007799996
rectangular_top_hat,C1_rect_area_top_hat,62,1.24,420,8,0.01171875,75311,19563,0.0,1.06412,-0.392863,0.458164,-0.323559,0.365433,1.93588,0.0,1.107137,1.041836,1.176441,1.134567,0.35546875,0.35546875,0.262680053711,52,51,0.00971969566198829,0.01104125134181874,0.0,0.0,0.0,0.0,0.0,0.0,0.0,0.0,0.0,0.0,0.016411945134176945,0.017175279865051372,0.0,0.0,0.0,0.0,0.0,0.0,0.0,0.0,0.0,0.0,0.048731261037564234,0.04820324081173644,0.0,0.0,0.0,0.0,0.0,0.0,0.0,0.0,0.0,0.0,False,,0.386243053711
rectangular_top_hat,C1_rect_area_top_hat,63,1.26,426,8,0.01171875,76511,19870,0.0,1.08016,-0.397021,0.465107,-0.331826,0.367316,1.91984,0.0,1.102979,1.034893,1.168174,1.132684,0.36328125,0.36328125,0.270401000977,52,51,0.009358131510501758,0.010870659285354807,0.0,0.0,0.0,0.0,0.0,0.0,0.0,0.0,0.0,0.0,0.017121721059716905,0.017916456970306995,0.0,0.0,0.0,0.0,0.0,0.0,0.0,0.0,0.0,0.0,0.04943080079988498,0.049018621036738805,0.0,0.0,0.0,0.0,0.0,0.0,0.0,0.0,0.0,0.0,False,,0.394271000977
rectangular_top_hat,C1_rect_area_top_hat,64,1.28,432,8,0.01171875,77717,20188,0.0,1.09611,-0.398721,0.469004,-0.34024,0.368222,1.90389,0.0,1.101279,1.030996,1.15976,1.131778,0.365234375,0.365234375,0.272659301758,56,55,0.0070898259068157546,0.008321775312066574,0.0,0.0,0.0,0.0,0.0,0.0,0.0,0.0,0.0,0.0,0.01500315246342499,0.016049138101842678,0.0,0.0,0.0,0.0,0.0,0.0,0.0,0.0,0.0,0.0,0.04744135774669635,0.04740439865266495,0.0,0.0,0.0,0.0,0.0,0.0,0.0,0.0,0.0,0.0,False,,0.404847301758
rectangular_top_hat,C1_rect_area_top_hat,65,1.3,438,8,0.01171875,79267,20600,0.0,1.11237,-0.399384,0.471856,-0.346259,0.370698,1.88763,0.0,1.100616,1.028144,1.1537410000000001,1.129302,0.37109375,0.37109375,0.278472900391,61,60,0.0074179671237715565,0.008349514563106796,0.0,0.0,0.0,0.0,0.0,0.0,0.0,0.0,0.0,0.0,0.014608853621305208,0.015922330097087378,0.0,0.0,0.0,0.0,0.0,0.0,0.0,0.0,0.0,0.0,0.04506288871787755,0.04572815533980582,0.0,0.0,0.0,0.0,0.0,0.0,0.0,0.0,0.0,0.0,False,,0.421072900391
rectangular_top_hat,C1_rect_area_top_hat,66,1.32,444,8,0.01171875,80350,20870,0.0,1.12864,-0.400909,0.475907,-0.353446,0.374982,1.87136,0.0,1.099091,1.024093,1.146554,1.125018,0.37890625,0.37890625,0.28369140625,57,56,0.007766023646546359,0.009008145663632007,0.0,0.0,0.0,0.0,0.0,0.0,0.0,0.0,0.0,0.0,0.013864343497199751,0.014758025874460949,0.0,0.0,0.0,0.0,0.0,0.0,0.0,0.0,0.0,0.0,0.044517734909769756,0.04413033061811212,0.0,0.0,0.0,0.0,0.0,0.0,0.0,0.0,0.0,0.0,False,,0.41856140625
rectangular_top_hat,C1_rect_area_top_hat,67,1.34,450,8,0.01171875,81923,21307,0.0,1.14476,-0.402749,0.481228,-0.360383,0.375634,1.85524,0.0,1.097251,1.018772,1.1396169999999999,1.124366,0.380859375,0.380859375,0.287811279297,61,60,0.008861980152094039,0.010137513493218191,0.0,0.0,0.0,0.0,0.0,0.0,0.0,0.0,0.0,0.0,0.015014098604787422,0.015769465433894965,0.0,0.0,0.0,0.0,0.0,0.0,0.0,0.0,0.0,0.0,0.04455403244510089,0.0439761580701178,0.0,0.0,0.0,0.0,0.0,0.0,0.0,0.0,0.0,0.0,False,,0.43111827929700003
rectangular_top_hat,C1_rect_area_top_hat,68,1.36,456,8,0.01171875,82963,21549,0.0,1.16098,-0.404696,0.484781,-0.362716,0.376379,1.83902,0.0,1.095304,1.015219,1.137284,1.123621,0.388671875,0.388671875,0.292572021484,67,66,0.008630353290020853,0.010023666991507727,0.0,0.0,0.0,0.0,0.0,0.0,0.0,0.0,0.0,0.0,0.015766064390149825,0.01652048818970718,0.0,0.0,0.0,0.0,0.0,0.0,0.0,0.0,0.0,0.0,0.045333461904704504,0.04501368973038192,0.0,0.0,0.0,0.0,0.0,0.0,0.0,0.0,0.0,0.0,False,,0.448121021484
rectangular_top_hat,C1_rect_area_top_hat,69,1.38,462,8,0.01171875,84710,22006,0.0,1.17754,-0.405597,0.4897,-0.366071,0.378009,1.82246,0.0,1.094403,1.0103,1.133929,1.121991,0.39453125,0.39453125,0.299774169922,61,60,0.006528154881359934,0.0076342815595746615,0.0,0.0,0.0,0.0,0.0,0.0,0.0,0.0,0.0,0.0,0.01376460866485657,0.014723257293465419,0.0,0.0,0.0,0.0,0.0,0.0,0.0,0.0,0.0,0.0,0.04340691771927754,0.04326092883758975,0.0,0.0,0.0,0.0,0.0,0.0,0.0,0.0,0.0,0.0,False,,0.443780169922
rectangular_top_hat,C1_rect_area_top_hat,70,1.4,468,8,0.01171875,85836,22308,0.0,1.19408,-0.40765,0.49316,-0.371587,0.384212,1.80592,0.0,1.09235,1.00684,1.128413,1.115788,0.396484375,0.396484375,0.302886962891,67,66,0.006850272612889697,0.0077102384794692485,0.0,0.0,0.0,0.0,0.0,0.0,0.0,0.0,0.0,0.0,0.013584043990866303,0.014792899408284023,0.0,0.0,0.0,0.0,0.0,0.0,0.0,0.0,0.0,0.0,0.04176569271634279,0.04240631163708087,0.0,0.0,0.0,0.0,0.0,0.0,0.0,0.0,0.0,0.0,False,,0.459194962891
rectangular_top_hat,C1_rect_area_top_hat,71,1.42,474,8,0.01171875,87269,22732,0.0,1.21073,-0.410434,0.495106,-0.376674,0.389616,1.78927,0.0,1.089566,1.004894,1.123326,1.110384,0.404296875,0.404296875,0.306350708008,69,68,0.007219058313948825,0.008358261481611826,0.0,0.0,0.0,0.0,0.0,0.0,0.0,0.0,0.0,0.0,0.012879716737902348,0.01372514516980468,0.0,0.0,0.0,0.0,0.0,0.0,0.0,0.0,0.0,0.0,0.04104550298502332,0.04055956361076896,0.0,0.0,0.0,0.0,0.0,0.0,0.0,0.0,0.0,0.0,False,,0.467082708008
rectangular_top_hat,C1_rect_area_top_hat,72,1.44,480,8,0.01171875,88667,23054,0.0,1.22771,-0.4113,0.498071,-0.380899,0.392566,1.77229,0.0,1.0887,1.001929,1.1191010000000001,1.107434,0.41015625,0.41015625,0.311492919922,66,65,0.008154104683816978,0.009325930424221394,0.0,0.0,0.0,0.0,0.0,0.0,0.0,0.0,0.0,0.0,0.013838293841000597,0.014531100893554263,0.0,0.0,0.0,0.0,0.0,0.0,0.0,0.0,0.0,0.0,0.041108868011774394,0.040600329660796394,0.0,0.0,0.0,0.0,0.0,0.0,0.0,0.0,0.0,0.0,False,,0.46654691992200004
rectangular_top_hat,C1_rect_area_top_hat,73,1.46,486,8,0.01171875,89310,23203,0.0,1.24436,-0.411349,0.503906,-0.393225,0.392591,1.75564,0.0,1.088651,0.996094,1.106775,1.107409,0.416015625,0.416015625,0.317962646484,65,64,0.008028216325159557,0.009309141059345775,0.0,0.0,0.0,0.0,0.0,0.0,0.0,0.0,0.0,0.0,0.01480237375433882,0.015515235098909624,0.0,0.0,0.0,0.0,0.0,0.0,0.0,0.0,0.0,0.0,0.042066957787481804,0.041761841141231736,0.0,0.0,0.0,0.0,0.0,0.0,0.0,0.0,0.0,0.0,False,,0.471165646484
rectangular_top_hat,C1_rect_area_top_hat,74,1.48,493,8,0.01171875,91582,23839,0.0,1.26099,-0.412506,0.506457,-0.400794,0.3963,1.73901,0.0,1.087494,0.993543,1.0992060000000001,1.1037,0.419921875,0.419921875,0.322998046875,66,65,0.007337686444934594,0.008389613658291035,0.0,0.0,0.0,0.0,0.0,0.0,0.0,0.0,0.0,0.0,0.014184009958288746,0.015101304584923864,0.0,0.0,0.0,0.0,0.0,0.0,0.0,0.0,0.0,0.0,0.042115262824572515,0.042073912496329545,0.0,0.0,0.0,0.0,0.0,0.0,0.0,0.0,0.0,0.0,False,,0.478837046875
rectangular_top_hat,C1_rect_area_top_hat,75,1.5,500,8,0.01171875,92273,23994,0.0,1.2779,-0.414852,0.509102,-0.411141,0.396564,1.7221,0.0,1.085148,0.990898,1.088859,1.1034359999999999,0.427734375,0.427734375,0.325637817383,72,71,0.006426581990398058,0.00729349003917646,0.0,0.0,0.0,0.0,0.0,0.0,0.0,0.0,0.0,0.0,0.012983212857498943,0.014295240476785863,0.0,0.0,0.0,0.0,0.0,0.0,0.0,0.0,0.0,0.0,0.03954569592405146,0.04021838793031591,0.0,0.0,0.0,0.0,0.0,0.0,0.0,0.0,0.0,0.0,False,,0.49363181738300005
rectangular_top_hat,C1_rect_area_top_hat,76,1.52,514,8,0.01171875,93892,24476,0.0,1.29443,-0.418358,0.512026,-0.4228,0.395247,1.70557,0.0,1.081642,0.987974,1.0772,1.104753,0.43359375,0.43359375,0.330902099609,76,75,0.006816342180377455,0.00784441902271613,0.0,0.0,0.0,0.0,0.0,0.0,0.0,0.0,0.0,0.0,0.012269415924679419,0.01323745710083347,0.0,0.0,0.0,0.0,0.0,0.0,0.0,0.0,0.0,0.0,0.039044860051974606,0.03885438797189083,0.0,0.0,0.0,0.0,0.0,0.0,0.0,0.0,0.0,0.0,False,,0.507378099609
rectangular_top_hat,C1_rect_area_top_hat,77,1.54,522,8,0.01171875,94698,24619,0.0,1.3105,-0.418319,0.515625,-0.433819,0.394976,1.6895,0.0,1.0816810000000001,0.984375,1.066181,1.105024,0.435546875,0.435546875,0.336975097656,76,75,0.007434159116348814,0.008448759088508876,0.0,0.0,0.0,0.0,0.0,0.0,0.0,0.0,0.0,0.0,0.012925299372742824,0.013810471586985661,0.0,0.0,0.0,0.0,0.0,0.0,0.0,0.0,0.0,0.0,0.039177173752349574,0.03903489175027418,0.0,0.0,0.0,0.0,0.0,0.0,0.0,0.0,0.0,0.0,False,,0.513594097656
rectangular_top_hat,C1_rect_area_top_hat,78,1.56,529,8,0.01171875,95983,24988,0.0,1.32696,-0.415853,0.516856,-0.446435,0.400468,1.67304,0.0,1.084147,0.983144,1.0535649999999999,1.099532,0.443359375,0.443359375,0.341415405273,77,76,0.008876571892939375,0.010244917560429006,0.0,0.0,0.0,0.0,0.0,0.0,0.0,0.0,0.0,0.0,0.015252700999135263,0.01600768368817032,0.0,0.0,0.0,0.0,0.0,0.0,0.0,0.0,0.0,0.0,0.04103851723742746,0.04073955498639347,0.0,0.0,0.0,0.0,0.0,0.0,0.0,0.0,0.0,0.0,False,,0.520403405273
rectangular_top_hat,C1_rect_area_top_hat,79,1.58,536,8,0.01171875,96501,25089,0.0,1.34325,-0.417533,0.518575,-0.452757,0.401424,1.65675,0.0,1.082467,0.981425,1.047243,1.098576,0.44921875,0.44921875,0.346755981445,78,77,0.005885949368400327,0.007015026505639922,0.0,0.0,0.0,0.0,0.0,0.0,0.0,0.0,0.0,0.0,0.01267344379850986,0.013751046275260075,0.0,0.0,0.0,0.0,0.0,0.0,0.0,0.0,0.0,0.0,0.03959544460679164,0.039858105145681375,0.0,0.0,0.0,0.0,0.0,0.0,0.0,0.0,0.0,0.0,False,,0.527844981445
rectangular_top_hat,C1_rect_area_top_hat,80,1.6,543,8,0.01171875,98235,25574,0.0,1.35938,-0.418949,0.520487,-0.46875,0.405745,1.64062,0.0,1.081051,0.979513,1.03125,1.094255,0.451171875,0.451171875,0.352157592773,81,80,0.006148521402758691,0.007038398373347931,0.0,0.0,0.0,0.0,0.0,0.0,0.0,0.0,0.0,0.0,0.0122563241207309,0.013216548056620005,0.0,0.0,0.0,0.0,0.0,0.0,0.0,0.0,0.0,0.0,0.036697714663816355,0.037303511378744034,0.0,0.0,0.0,0.0,0.0,0.0,0.0,0.0,0.0,0.0,False,,0.539731592773
rectangular_top_hat,C1_rect_area_top_hat,81,1.62,549,8,0.01171875,99366,25851,0.0,1.37607,-0.419282,0.521925,-0.471668,0.411327,1.62393,0.0,1.080718,0.978075,1.028332,1.088673,0.458984375,0.458984375,0.355606079102,82,81,0.006279814020892458,0.007272445940195737,0.0,0.0,0.0,0.0,0.0,0.0,0.0,0.0,0.0,0.0,0.011432481935470886,0.012378631387567212,0.0,0.0,0.0,0.0,0.0,0.0,0.0,0.0,0.0,0.0,0.0357566974619085,0.035549882016169584,0.0,0.0,0.0,0.0,0.0,0.0,0.0,0.0,0.0,0.0,False,,0.5454570791019999
rectangular_top_hat,C1_rect_area_top_hat,82,1.64,555,8,0.01171875,100678,26169,0.0,1.39266,-0.418346,0.522532,-0.480469,0.415046,1.60734,0.0,1.081654,0.977468,1.019531,1.084954,0.46484375,0.46484375,0.357833862305,89,88,0.007171378056775065,0.008254041040926287,0.0,0.0,0.0,0.0,0.0,0.0,0.0,0.0,0.0,0.0,0.012097975724587299,0.01268676678512744,0.0,0.0,0.0,0.0,0.0,0.0,0.0,0.0,0.0,0.0,0.03611513935517193,0.035882150636249,0.0,0.0,0.0,0.0,0.0,0.0,0.0,0.0,0.0,0.0,False,,0.562002862305
rectangular_top_hat,C1_rect_area_top_hat,83,1.66,561,8,0.01171875,101202,26333,0.0,1.40863,-0.421875,0.524937,-0.492701,0.417246,1.59137,0.0,1.078125,0.975063,1.007299,1.082754,0.47265625,0.47265625,0.365844726562,90,89,0.0072528210904922825,0.008316560969126191,0.0,0.0,0.0,0.0,0.0,0.0,0.0,0.0,0.0,0.0,0.013310013636094149,0.013784984620058482,0.0,0.0,0.0,0.0,0.0,0.0,0.0,0.0,0.0,0.0,0.03665935455821031,0.036152356358941255,0.0,0.0,0.0,0.0,0.0,0.0,0.0,0.0,0.0,0.0,False,,0.572177726562
rectangular_top_hat,C1_rect_area_top_hat,84,1.68,567,8,0.01171875,103290,26853,0.0,1.42393,-0.421875,0.526575,-0.494453,0.422277,1.57607,0.0,1.078125,0.973425,1.005547,1.077723,0.474609375,0.474609375,0.369918823242,92,91,0.00534417659018298,0.006256284214054296,0.0,0.0,0.0,0.0,0.0,0.0,0.0,0.0,0.0,0.0,0.011327330816148708,0.012140170558224406,0.0,0.0,0.0,0.0,0.0,0.0,0.0,0.0,0.0,0.0,0.03534708103398199,0.03575019550888169,0.0,0.0,0.0,0.0,0.0,0.0,0.0,0.0,0.0,0.0,False,,0.580771823242
rectangular_top_hat,C1_rect_area_top_hat,85,1.7,573,8,0.01171875,104379,27105,0.0,1.44029,-0.421999,0.528312,-0.500362,0.423809,1.55971,0.0,1.078001,0.971688,0.999638,1.0761910000000001,0.48046875,0.48046875,0.375381469727,94,93,0.0056237365753647765,0.006382586238701347,0.0,0.0,0.0,0.0,0.0,0.0,0.0,0.0,0.0,0.0,0.011142087967886261,0.012137981922154584,0.0,0.0,0.0,0.0,0.0,0.0,0.0,0.0,0.0,0.0,0.034163960183561826,0.03456926766279284,0.0,0.0,0.0,0.0,0.0,0.0,0.0,0.0,0.0,0.0,False,,0.590486469727
rectangular_top_hat,C1_rect_area_top_hat,86,1.72,579,8,0.01171875,105475,27372,0.0,1.45626,-0.421969,0.529754,-0.506846,0.423347,1.54374,0.0,1.078031,0.970246,0.993154,1.076653,0.48828125,0.48828125,0.377502441406,93,92,0.005916093861104527,0.006868332602659652,0.0,0.0,0.0,0.0,0.0,0.0,0.0,0.0,0.0,0.0,0.010609149087461484,0.011361975741633785,0.0,0.0,0.0,0.0,0.0,0.0,0.0,0.0,0.0,0.0,0.033515050959943116,0.03350138827999415,0.0,0.0,0.0,0.0,0.0,0.0,0.0,0.0,0.0,0.0,False,,0.5908744414059999
rectangular_top_hat,C1_rect_area_top_hat,87,1.74,585,8,0.01171875,106977,27765,0.0,1.47053,-0.421937,0.531212,-0.515625,0.426571,1.52947,0.0,1.078063,0.968788,0.984375,1.073429,0.490234375,0.490234375,0.381637573242,102,101,0.006833244529197865,0.007779578606158833,0.0,0.0,0.0,0.0,0.0,0.0,0.0,0.0,0.0,0.0,0.011516494199687784,0.012101566720691518,0.0,0.0,0.0,0.0,0.0,0.0,0.0,0.0,0.0,0.0,0.03406339680492068,0.03378354042859715,0.0,0.0,0.0,0.0,0.0,0.0,0.0,0.0,0.0,0.0,False,,0.6134025732420001
rectangular_top_hat,C1_rect_area_top_hat,88,1.76,591,8,0.01171875,108257,28123,0.0,1.48631,-0.42211,0.532793,-0.517858,0.426598,1.51369,0.0,1.07789,0.967207,0.982142,1.073402,0.49609375,0.49609375,0.388687133789,98,97,0.006724738354101813,0.007751662340433098,0.0,0.0,0.0,0.0,0.0,0.0,0.0,0.0,0.0,0.0,0.012377952464967623,0.012872026455214593,0.0,0.0,0.0,0.0,0.0,0.0,0.0,0.0,0.0,0.0,0.034990808908430863,0.03474024819542723,0.0,0.0,0.0,0.0,0.0,0.0,0.0,0.0,0.0,0.0,False,,0.6128101337890001
rectangular_top_hat,C1_rect_area_top_hat,89,1.78,597,8,0.01171875,109300,28367,0.0,1.50153,-0.422138,0.534566,-0.523204,0.426703,1.49847,0.0,1.077862,0.965434,0.976796,1.073297,0.50390625,0.50390625,0.394714355469,95,94,0.00505032021957914,0.00592237459019283,0.0,0.0,0.0,0.0,0.0,0.0,0.0,0.0,0.0,0.0,0.010677035681610247,0.011456974653646843,0.0,0.0,0.0,0.0,0.0,0.0,0.0,0.0,0.0,0.0,0.033613906678865504,0.033595374907462894,0.0,0.0,0.0,0.0,0.0,0.0,0.0,0.0,0.0,0.0,False,,0.613081355469
rectangular_top_hat,C1_rect_area_top_hat,90,1.8,603,8,0.01171875,110828,28726,0.0,1.51662,-0.422351,0.538495,-0.537288,0.427559,1.48338,0.0,1.077649,0.961505,0.962712,1.072441,0.505859375,0.505859375,0.399826049805,98,97,0.005323564442198722,0.006057230383624591,0.0,0.0,0.0,0.0,0.0,0.0,0.0,0.0,0.0,0.0,0.010520807016277474,0.01148785072756388,0.0,0.0,0.0,0.0,0.0,0.0,0.0,0.0,0.0,0.0,0.03224816833291226,0.03279259207686416,0.0,0.0,0.0,0.0,0.0,0.0,0.0,0.0,0.0,0.0,False,,0.624552049805
rectangular_top_hat,C1_rect_area_top_hat,91,1.82,609,8,0.01171875,111612,28992,0.0,1.53109,-0.422596,0.539822,-0.539835,0.432965,1.46891,0.0,1.077404,0.960178,0.960165,1.067035,0.51171875,0.51171875,0.403823852539,104,103,0.005590796688528115,0.006484547461368654,0.0,0.0,0.0,0.0,0.0,0.0,0.0,0.0,0.0,0.0,0.010052682507257283,0.01076158940397351,0.0,0.0,0.0,0.0,0.0,0.0,0.0,0.0,0.0,0.0,0.03182453499623696,0.031767384105960264,0.0,0.0,0.0,0.0,0.0,0.0,0.0,0.0,0.0,0.0,False,,0.6408158525390001
rectangular_top_hat,C1_rect_area_top_hat,92,1.84,615,8,0.01171875,113217,29387,0.0,1.54688,-0.422828,0.540819,-0.540422,0.436786,1.45312,0.0,1.077172,0.959181,0.959578,1.0632139999999999,0.513671875,0.513671875,0.409408569336,108,107,0.006359468984339808,0.007282131554769116,0.0,0.0,0.0,0.0,0.0,0.0,0.0,0.0,0.0,0.0,0.01080226467756609,0.011365569809779834,0.0,0.0,0.0,0.0,0.0,0.0,0.0,0.0,0.0,0.0,0.03207115539185811,0.03178276108483343,0.0,0.0,0.0,0.0,0.0,0.0,0.0,0.0,0.0,0.0,False,,0.654795569336
rectangular_top_hat,C1_rect_area_top_hat,93,1.86,621,8,0.01171875,115177,29910,0.0,1.56095,-0.422947,0.543062,-0.542809,0.443662,1.43905,0.0,1.077053,0.956938,0.957191,1.056338,0.521484375,0.521484375,0.414825439453,104,103,0.006225201212047544,0.007221664994984955,0.0,0.0,0.0,0.0,0.0,0.0,0.0,0.0,0.0,0.0,0.011495350634241211,0.012036108324974924,0.0,0.0,0.0,0.0,0.0,0.0,0.0,0.0,0.0,0.0,0.032897193015966726,0.032731527917084585,0.0,0.0,0.0,0.0,0.0,0.0,0.0,0.0,0.0,0.0,False,,0.6527354394529999
rectangular_top_hat,C1_rect_area_top_hat,94,1.88,627,8,0.01171875,116186,30182,0.0,1.57453,-0.422957,0.544535,-0.545997,0.448178,1.42547,0.0,1.077043,0.955465,0.954003,1.051822,0.52734375,0.52734375,0.417907714844,113,112,0.004751002702563132,0.00556623152872573,0.0,0.0,0.0,0.0,0.0,0.0,0.0,0.0,0.0,0.0,0.010018418742361385,0.01073487509111391,0.0,0.0,0.0,0.0,0.0,0.0,0.0,0.0,0.0,0.0,0.03179384779577574,0.031773904976476045,0.0,0.0,0.0,0.0,0.0,0.0,0.0,0.0,0.0,0.0,False,,0.674089714844
rectangular_top_hat,C1_rect_area_top_hat,95,1.9,633,8,0.01171875,117867,30614,0.0,1.58961,-0.423173,0.546207,-0.551576,0.450486,1.41039,0.0,1.076827,0.953793,0.948424,1.049514,0.529296875,0.529296875,0.421020507812,117,116,0.005056546785783977,0.005749003723786503,0.0,0.0,0.0,0.0,0.0,0.0,0.0,0.0,0.0,0.0,0.009943410793521512,0.010844711569869995,0.0,0.0,0.0,0.0,0.0,0.0,0.0,0.0,0.0,0.0,0.030432606242629404,0.031031554190893054,0.0,0.0,0.0,0.0,0.0,0.0,0.0,0.0,0.0,0.0,False,,0.6856345078120001
rectangular_top_hat,C1_rect_area_top_hat,96,1.92,639,8,0.01171875,118358,30765,0.0,1.60547,-0.423331,0.547984,-0.553545,0.45447,1.39453,0.0,1.0766689999999999,0.952016,0.946455,1.04553,0.53515625,0.53515625,0.425033569336,116,115,0.0052721404552290504,0.006110840240533074,0.0,0.0,0.0,0.0,0.0,0.0,0.0,0.0,0.0,0.0,0.00943746937258149,0.010076385503006663,0.0,0.0,0.0,0.0,0.0,0.0,0.0,0.0,0.0,0.0,0.03010358404163639,0.029904111815374616,0.0,0.0,0.0,0.0,0.0,0.0,0.0,0.0,0.0,0.0,False,,0.687798569336
rectangular_top_hat,C1_rect_area_top_hat,97,1.94,645,8,0.01171875,120369,31286,0.0,1.62095,-0.423395,0.550332,-0.555884,0.457495,1.37905,0.0,1.076605,0.949668,0.944116,1.042505,0.54296875,0.54296875,0.433624267578,114,113,0.005973298772939876,0.006840120181550853,0.0,0.0,0.0,0.0,0.0,0.0,0.0,0.0,0.0,0.0,0.010135500004153893,0.010675701591766285,0.0,0.0,0.0,0.0,0.0,0.0,0.0,0.0,0.0,0.0,0.030148958618913507,0.029885571821261905,0.0,0.0,0.0,0.0,0.0,0.0,0.0,0.0,0.0,0.0,False,,0.692910267578
rectangular_top_hat,C1_rect_area_top_hat,98,1.96,651,8,0.01171875,121589,31600,0.0,1.63586,-0.423343,0.551805,-0.561156,0.459372,1.36414,0.0,1.076657,0.948195,0.938844,1.0406279999999999,0.544921875,0.544921875,0.437149047852,115,114,0.005946261586163222,0.00689873417721519,0.0,0.0,0.0,0.0,0.0,0.0,0.0,0.0,0.0,0.0,0.010954938357910666,0.011455696202531646,0.0,0.0,0.0,0.0,0.0,0.0,0.0,0.0,0.0,0.0,0.03108011415506337,0.030854430379746837,0.0,0.0,0.0,0.0,0.0,0.0,0.0,0.0,0.0,0.0,False,,0.698749047852
rectangular_top_hat,C1_rect_area_top_hat,99,1.98,657,8,0.01171875,123054,31977,0.0,1.657,-0.423173,0.55347,-0.563282,0.459997,1.343,0.0,1.076827,0.94653,0.936718,1.040003,0.55078125,0.55078125,0.443695068359,120,119,0.004485835486859427,0.005253776151608969,0.0,0.0,0.0,0.0,0.0,0.0,0.0,0.0,0.0,0.0,0.009556779950265737,0.010257372486474653,0.0,0.0,0.0,0.0,0.0,0.0,0.0,0.0,0.0,0.0,0.030043720642969753,0.030021578009194107,0.0,0.0,0.0,0.0,0.0,0.0,0.0,0.0,0.0,0.0,False,,0.715672068359
rectangular_top_hat,C1_rect_area_top_hat,100,2.0,663,8,0.01171875,124751,32423,0.0,1.66916,-0.422893,0.554796,-0.564449,0.460671,1.33084,0.0,1.077107,0.945204,0.935551,1.039329,0.556640625,0.556640625,0.448196411133,115,114,0.004681325199797998,0.005304876168152238,0.0,0.0,0.0,0.0,0.0,0.0,0.0,0.0,0.0,0.0,0.00929852265713301,0.010116275483453105,0.0,0.0,0.0,0.0,0.0,0.0,0.0,0.0,0.0,0.0,0.028633037009723368,0.029053449711624463,0.0,0.0,0.0,0.0,0.0,0.0,0.0,0.0,0.0,0.0,False,,0.710619411133
